Id,FileName,AddedHash,CreatedAt,RenamedFrom,RenamedTo,RenamedAt,RenamedHash,RemovedHash,RemovedDate,Added,Removed,OldPath,NewPath,status,modifications,LastModifiedAt,LastModifiedHash
1,LICENSE,f0e87615d54194ab4356e91572e5997780229ec2,2017-12-12 17:56:31-08:00,LICENSE,LICENSE,,,,,203,2,,,added,1,2018-09-21 09:15:29-07:00,974f2f693eddbf395aea0c201aae1db158f1dc63
2,.gitignore,1656ffd12d701bbcb36c045177ae455657fbe285,2017-12-12 18:06:57-08:00,.gitignore,.gitignore,,,,,108,0,,,added,2,2018-04-25 17:58:40-07:00,adc8cb6098503ce19fe7cefb292137ea96dc4bf9
5,compilers/constraint_specification_languages/constraints_schema.json,1656ffd12d701bbcb36c045177ae455657fbe285,2017-12-12 18:06:57-08:00,compilers/constraint_specification_languages/constraints_schema.json,dwave_constraint_compilers/constraint_specification_languages/constraints_schema.json,/2017-12-16 12:39:55-08:00,/93ce78e2bbffea64a41bd547d542d07fafcef8a5,,,46,0,,,added,0,,
6,compilers/constraint_specification_languages/internal.py,1656ffd12d701bbcb36c045177ae455657fbe285,2017-12-12 18:06:57-08:00,compilers/constraint_specification_languages/internal.py,dwave_constraint_compilers/constraint_specification_languages/internal.py,/2017-12-16 12:39:55-08:00,/93ce78e2bbffea64a41bd547d542d07fafcef8a5,,,25,0,,,added,0,,
7,compilers/stitch.py,1656ffd12d701bbcb36c045177ae455657fbe285,2017-12-12 18:06:57-08:00,compilers/stitch.py,dwave_constraint_compilers/compilers/stitcher.py,/2017-12-16 12:39:55-08:00,/93ce78e2bbffea64a41bd547d542d07fafcef8a5,,,180,63,,,added,1,2017-12-16 12:04:11-08:00,c5f46c0c0c63885ab3b326dfb32dd51c5c834844
70,requirements.txt,6fd0477b090aa3362707a830e3c90b3b5846525e,2018-04-09 14:27:33-07:00,requirements.txt,requirements.txt,,,,,44,36,,,added,21,2020-08-21 15:45:57-07:00,e4976d092dfade2220cc06ddd5c28de2f91c5aca
10,tests/test_csl_internal.py,1656ffd12d701bbcb36c045177ae455657fbe285,2017-12-12 18:06:57-08:00,tests/test_csl_internal.py,tests/test_csl_internal.py,,,/28d85a12936f8f2680d73772c7b96e4dba7e7e07,/2018-04-12 14:56:40-07:00,52,52,,,added/removed,2,2018-04-09 15:52:07-07:00,fd7343417c30bc1ae81b71c56c2efbf5efb8d1c8
11,tests/test_stitch.py,1656ffd12d701bbcb36c045177ae455657fbe285,2017-12-12 18:06:57-08:00,tests/test_stitch.py,legacy_tests/test_stitch.py,/2018-04-16 14:03:40-07:00,/4ecc6ceb4469c566c0b4079e3bdebacd873d0dab,,,223,63,,,added,7,2018-04-09 15:09:57-07:00,0c4a2b12af812a8c91f89348839c8c9cb681a280
15,dwave_constraint_compilers/__init__.py,93ce78e2bbffea64a41bd547d542d07fafcef8a5,2017-12-16 12:39:55-08:00,dwave_constraint_compilers/__init__.py,dwave_constraint_compilers/__init__.py,,,/007881e0f6c108b55b97a6aa0ce678455e1966ba,/2018-04-20 13:54:30-07:00,10,10,,,added/removed,5,2018-04-13 11:55:30-07:00,7d0d227761fec584f80e2356ff7a519bc1dc9d46
16,dwave_constraint_compilers/compilers/__init__.py,93ce78e2bbffea64a41bd547d542d07fafcef8a5,2017-12-16 12:39:55-08:00,,,,,/9bfd25ffef71d681a4f1f19d0f7065a8e74cb35c,/2018-04-20 11:21:55-07:00,1,1,,,added/removed,0,,
7,dwave_constraint_compilers/compilers/stitcher.py,1656ffd12d701bbcb36c045177ae455657fbe285,2017-12-12 18:06:57-08:00,dwave_constraint_compilers/compilers/stitcher.py,dwave_constraint_compilers/compilers/stitcher.py,/2017-12-16 12:39:55-08:00,/93ce78e2bbffea64a41bd547d542d07fafcef8a5,/9bfd25ffef71d681a4f1f19d0f7065a8e74cb35c,/2018-04-20 11:21:55-07:00,189,189,,,added/renamed/removed,4,2018-04-09 15:09:57-07:00,0c4a2b12af812a8c91f89348839c8c9cb681a280
17,compilers/__init__.py,93ce78e2bbffea64a41bd547d542d07fafcef8a5,2017-12-16 12:39:55-08:00,compilers/__init__.py,dwave_constraint_compilers/constraint_specification_languages/__init__.py,2017-12-16 12:39:55-08:00/2017-12-16 12:39:55-08:00,93ce78e2bbffea64a41bd547d542d07fafcef8a5/93ce78e2bbffea64a41bd547d542d07fafcef8a5,,,0,0,compilers/__init__.py,dwave_constraint_compilers/constraint_specification_languages/__init__.py,added->renamed,0,,
17,dwave_constraint_compilers/constraint_specification_languages/__init__.py,93ce78e2bbffea64a41bd547d542d07fafcef8a5,2017-12-16 12:39:55-08:00,dwave_constraint_compilers/constraint_specification_languages/__init__.py,dwave_constraint_compilers/io/__init__.py,2017-12-16 12:39:55-08:00/2017-12-16 12:39:55-08:00/2018-04-12 14:56:40-07:00,93ce78e2bbffea64a41bd547d542d07fafcef8a5/93ce78e2bbffea64a41bd547d542d07fafcef8a5/28d85a12936f8f2680d73772c7b96e4dba7e7e07,,,0,0,compilers/__init__.py,dwave_constraint_compilers/constraint_specification_languages/__init__.py,added->renamed/renamed,0,,
5,dwave_constraint_compilers/constraint_specification_languages/constraints_schema.json,1656ffd12d701bbcb36c045177ae455657fbe285,2017-12-12 18:06:57-08:00,compilers/constraint_specification_languages/constraints_schema.json,dwave_constraint_compilers/constraint_specification_languages/constraints_schema.json,/2017-12-16 12:39:55-08:00,/93ce78e2bbffea64a41bd547d542d07fafcef8a5,/28d85a12936f8f2680d73772c7b96e4dba7e7e07,/2018-04-12 14:56:40-07:00,46,46,,,added/renamed/removed,0,,
6,dwave_constraint_compilers/constraint_specification_languages/internal.py,1656ffd12d701bbcb36c045177ae455657fbe285,2017-12-12 18:06:57-08:00,dwave_constraint_compilers/constraint_specification_languages/internal.py,dwave_constraint_compilers/constraint_specification_languages/internal.py,/2017-12-16 12:39:55-08:00,/93ce78e2bbffea64a41bd547d542d07fafcef8a5,/28d85a12936f8f2680d73772c7b96e4dba7e7e07,/2018-04-12 14:56:40-07:00,27,27,,,added/renamed/removed,1,2017-12-21 15:09:13-08:00,0292d463322a730c4214fd58d43514f65a8005ca
18,dwave_constraint_compilers/satisfy/__init__.py,93ce78e2bbffea64a41bd547d542d07fafcef8a5,2017-12-16 12:39:55-08:00,,,,,/007881e0f6c108b55b97a6aa0ce678455e1966ba,/2018-04-20 13:54:30-07:00,1,1,,,added/removed,0,,
19,dwave_constraint_compilers/satisfy/satisfy.py,93ce78e2bbffea64a41bd547d542d07fafcef8a5,2017-12-16 12:39:55-08:00,dwave_constraint_compilers/satisfy/satisfy.py,dwavecsp/satisfy/satisfy.py,/2018-04-20 13:49:44-07:00,/007881e0f6c108b55b97a6aa0ce678455e1966ba,,,184,95,,,added,8,2018-04-12 14:56:40-07:00,28d85a12936f8f2680d73772c7b96e4dba7e7e07
20,dwave_constraint_compilers/utils/__init__.py,93ce78e2bbffea64a41bd547d542d07fafcef8a5,2017-12-16 12:39:55-08:00,dwave_constraint_compilers/utils/__init__.py,dwave_constraint_compilers/utils/__init__.py,,,/366ef44cd82a0259d5f6168669e94121bbada58c,/2017-12-21 14:15:38-08:00,89,89,,,added/removed,2,2017-12-21 13:25:23-08:00,602e7e5bd7a09a3bd1484c4bc57bdec7423bab2d
24,tests/test_utils.py,93ce78e2bbffea64a41bd547d542d07fafcef8a5,2017-12-16 12:39:55-08:00,tests/test_utils.py,legacy_tests/test_utils.py,/2018-04-16 14:03:40-07:00,/4ecc6ceb4469c566c0b4079e3bdebacd873d0dab,,,94,10,,,added,1,2018-04-09 15:09:57-07:00,0c4a2b12af812a8c91f89348839c8c9cb681a280
124,tests/test_satisfy.py,007881e0f6c108b55b97a6aa0ce678455e1966ba,2018-04-20 13:49:44-07:00,,,,,/30f752bf91030e7054f741293c74874c796afb7f,/2018-04-26 16:46:31-07:00,79,79,,,added/removed,0,,
40,dwave_constraint_compilers/package_info.py,698ec761a228386287f0f87ccd62eec92e401329,2017-12-21 13:49:02-08:00,dwave_constraint_compilers/package_info.py,dwavecsp/package_info.py,/2018-04-20 13:49:44-07:00,/007881e0f6c108b55b97a6aa0ce678455e1966ba,,,4,0,,,added,0,,
41,setup.py,698ec761a228386287f0f87ccd62eec92e401329,2017-12-21 13:49:02-08:00,setup.py,setup.py,,,,,208,119,,,added,29,2020-02-24 08:46:58-08:00,04c11c6bfacf3d379ed636e9b3586bb699b5729e
42,.coveragerc,153014d97ea2a6bdcfbf37552202a5a1b57bcf05,2017-12-21 13:49:12-08:00,.coveragerc,.coveragerc,,,,,8,2,,,added,2,2018-05-07 14:33:42-07:00,5076d5936df102201049cc64fab9becc0372255b
44,dwave_constraint_compilers/utils.py,366ef44cd82a0259d5f6168669e94121bbada58c,2017-12-21 14:15:38-08:00,dwave_constraint_compilers/utils.py,dwave_constraint_compilers/utils.py,,,/007881e0f6c108b55b97a6aa0ce678455e1966ba,/2018-04-20 13:54:30-07:00,176,176,,,added/removed,4,2018-04-09 15:29:28-07:00,7b871d217b052ec29d99b48c822f87f0dfd8ea6c
45,README.rst,fcc5628d18484a44d1cb3d95071d90218a0b62f9,2017-12-21 14:15:51-08:00,README.rst,README.rst,,,,,115,42,,,added,14,2020-02-03 12:24:32-08:00,40a53ee6ed419e4d67ee896cc3671e12e164d94f
48,docs/Makefile,13ea9e512869acfb35d7f0252bffe3f91f9285bc,2017-12-21 14:22:31-08:00,docs/Makefile,docs/Makefile,,,,,25,1,,,added,1,2018-04-26 11:00:57-07:00,394a81f7f494cd03a969b1cffd28967490d02304
49,docs/conf.py,13ea9e512869acfb35d7f0252bffe3f91f9285bc,2017-12-21 14:22:31-08:00,docs/conf.py,docs/conf.py,,,,,252,40,,,added,8,2020-01-30 12:27:04-08:00,5a1e56f3bd248313e1f03fedcc42e9327f62b4a2
50,docs/index.rst,13ea9e512869acfb35d7f0252bffe3f91f9285bc,2017-12-21 14:22:31-08:00,docs/index.rst,docs/index.rst,,,,,97,27,,,added,16,2020-04-03 14:13:03-07:00,eabf1a77813a7c846f0af1dc47f7e571abdcc9bf
51,docs/license.rst,13ea9e512869acfb35d7f0252bffe3f91f9285bc,2017-12-21 14:22:31-08:00,docs/license.rst,docs/license.rst,,,,,5,1,,,added,1,2020-02-03 15:13:37-08:00,3d124d3f429c937ccc56459ef4d64b6c8e44f3d2
54,docs/utils.rst,2712c770fb7350d72ae6736f3fed44fa68697d05,2017-12-21 14:33:52-08:00,,,,,/d8d8b44a1dd8de9c4f30dc653269e92bdea61a70,/2018-04-25 12:03:57-07:00,7,7,,,added/removed,0,,
56,MANIFEST.in,0292d463322a730c4214fd58d43514f65a8005ca,2017-12-21 15:09:13-08:00,MANIFEST.in,MANIFEST.in,,,/007881e0f6c108b55b97a6aa0ce678455e1966ba,/2018-04-20 13:54:30-07:00,2,2,,,added/removed,1,2018-04-12 14:56:40-07:00,28d85a12936f8f2680d73772c7b96e4dba7e7e07
60,docs/compilers.rst,c5347651bb4ace17cde63a079172483db99e25eb,2017-12-21 15:21:46-08:00,,,,,/d8d8b44a1dd8de9c4f30dc653269e92bdea61a70,/2018-04-25 12:03:57-07:00,7,7,,,added/removed,0,,
65,docs/specification_language.rst,97e94ed8df1ee64c06fee767ea6b05ae0a510c2f,2017-12-21 15:25:32-08:00,,,,,/d8d8b44a1dd8de9c4f30dc653269e92bdea61a70,/2018-04-25 12:03:57-07:00,4,4,,,added/removed,0,,
67,docs/satisfy.rst,1bb56a84dc76ec01e4672bea75c70558d1a16ffa,2017-12-21 15:44:05-08:00,,,,,/d8d8b44a1dd8de9c4f30dc653269e92bdea61a70,/2018-04-25 12:03:57-07:00,7,7,,,added/removed,0,,
69,.circleci/config.yml,6fd0477b090aa3362707a830e3c90b3b5846525e,2018-04-09 14:27:33-07:00,.circleci/config.yml,.circleci/config.yml,,,,,409,193,,,added,24,2020-08-21 15:45:57-07:00,e4976d092dfade2220cc06ddd5c28de2f91c5aca
17,dwave_constraint_compilers/io/__init__.py,93ce78e2bbffea64a41bd547d542d07fafcef8a5,2017-12-16 12:39:55-08:00,dwave_constraint_compilers/io/__init__.py,dwave_constraint_compilers/io/__init__.py,2017-12-16 12:39:55-08:00/2017-12-16 12:39:55-08:00/2018-04-12 14:56:40-07:00,93ce78e2bbffea64a41bd547d542d07fafcef8a5/93ce78e2bbffea64a41bd547d542d07fafcef8a5/28d85a12936f8f2680d73772c7b96e4dba7e7e07,,,0,0,compilers/__init__.py,dwave_constraint_compilers/constraint_specification_languages/__init__.py,added->renamed/renamed/renamed,1,2018-04-20 13:49:44-07:00,007881e0f6c108b55b97a6aa0ce678455e1966ba
87,dwave_constraint_compilers/io/csp_schema.json,28d85a12936f8f2680d73772c7b96e4dba7e7e07,2018-04-12 14:56:40-07:00,,,,,/007881e0f6c108b55b97a6aa0ce678455e1966ba,/2018-04-20 13:54:30-07:00,46,46,,,added/removed,0,,
88,dwave_constraint_compilers/io/json.py,28d85a12936f8f2680d73772c7b96e4dba7e7e07,2018-04-12 14:56:40-07:00,,,,,/007881e0f6c108b55b97a6aa0ce678455e1966ba,/2018-04-20 13:54:30-07:00,26,26,,,added/removed,0,,
90,tests/test_csp_json_schema.py,28d85a12936f8f2680d73772c7b96e4dba7e7e07,2018-04-12 14:56:40-07:00,tests/test_csp_json_schema.py,legacy_tests/test_csp_json_schema.py,/2018-04-16 14:03:40-07:00,/4ecc6ceb4469c566c0b4079e3bdebacd873d0dab,,,21,0,,,added,0,,
92,dwave_constraint_compilers/constraints/__init__.py,7d0d227761fec584f80e2356ff7a519bc1dc9d46,2018-04-13 11:55:30-07:00,,,,,/127300f9e0ffd1edabab833762c5188a2818f2b5,/2018-04-18 15:37:42-07:00,1,1,,,added/removed,0,,
93,dwave_constraint_compilers/constraints/gates.py,7d0d227761fec584f80e2356ff7a519bc1dc9d46,2018-04-13 11:55:30-07:00,,,,,/127300f9e0ffd1edabab833762c5188a2818f2b5,/2018-04-18 15:37:42-07:00,115,115,,,added/removed,0,,
94,tests/test_constraints.py,7d0d227761fec584f80e2356ff7a519bc1dc9d46,2018-04-13 11:55:30-07:00,tests/test_constraints.py,legacy_tests/test_constraints.py,/2018-04-16 14:03:40-07:00,/4ecc6ceb4469c566c0b4079e3bdebacd873d0dab,,,16,0,,,added,0,,
95,tests/__init__.py,4ecc6ceb4469c566c0b4079e3bdebacd873d0dab,2018-04-16 14:03:40-07:00,tests/__init__.py,tests/__init__.py,2018-04-16 14:03:40-07:00/2018-04-16 14:03:40-07:00,4ecc6ceb4469c566c0b4079e3bdebacd873d0dab/4ecc6ceb4469c566c0b4079e3bdebacd873d0dab,,,0,0,tests/__init__.py,legacy_tests/__init__.py,added->renamed,1,2018-04-18 14:31:54-07:00,127300f9e0ffd1edabab833762c5188a2818f2b5
95,legacy_tests/__init__.py,4ecc6ceb4469c566c0b4079e3bdebacd873d0dab,2018-04-16 14:03:40-07:00,legacy_tests/__init__.py,legacy_tests/__init__.py,2018-04-16 14:03:40-07:00/2018-04-16 14:03:40-07:00,4ecc6ceb4469c566c0b4079e3bdebacd873d0dab/4ecc6ceb4469c566c0b4079e3bdebacd873d0dab,,,0,0,tests/__init__.py,legacy_tests/__init__.py,added->renamed/renamed,1,2018-04-20 13:49:44-07:00,007881e0f6c108b55b97a6aa0ce678455e1966ba
94,legacy_tests/test_constraints.py,7d0d227761fec584f80e2356ff7a519bc1dc9d46,2018-04-13 11:55:30-07:00,tests/test_constraints.py,legacy_tests/test_constraints.py,/2018-04-16 14:03:40-07:00,/4ecc6ceb4469c566c0b4079e3bdebacd873d0dab,/127300f9e0ffd1edabab833762c5188a2818f2b5,/2018-04-18 15:37:42-07:00,16,16,,,added/renamed/removed,0,,
90,legacy_tests/test_csp_json_schema.py,28d85a12936f8f2680d73772c7b96e4dba7e7e07,2018-04-12 14:56:40-07:00,tests/test_csp_json_schema.py,legacy_tests/test_csp_json_schema.py,/2018-04-16 14:03:40-07:00,/4ecc6ceb4469c566c0b4079e3bdebacd873d0dab,/007881e0f6c108b55b97a6aa0ce678455e1966ba,/2018-04-20 13:54:30-07:00,21,21,,,added/renamed/removed,0,,
37,legacy_tests/test_satisfy.py,602e7e5bd7a09a3bd1484c4bc57bdec7423bab2d,2017-12-21 13:25:23-08:00,tests/test_satisfy.py,legacy_tests/test_satisfy.py,/2018-04-16 14:03:40-07:00,/4ecc6ceb4469c566c0b4079e3bdebacd873d0dab,/007881e0f6c108b55b97a6aa0ce678455e1966ba,/2018-04-20 13:54:30-07:00,88,88,,,added/renamed/removed,1,2018-04-09 15:09:57-07:00,0c4a2b12af812a8c91f89348839c8c9cb681a280
11,legacy_tests/test_stitch.py,1656ffd12d701bbcb36c045177ae455657fbe285,2017-12-12 18:06:57-08:00,tests/test_stitch.py,legacy_tests/test_stitch.py,/2018-04-16 14:03:40-07:00,/4ecc6ceb4469c566c0b4079e3bdebacd873d0dab,/9bfd25ffef71d681a4f1f19d0f7065a8e74cb35c,/2018-04-20 11:21:55-07:00,223,223,,,added/renamed/removed,7,2018-04-09 15:09:57-07:00,0c4a2b12af812a8c91f89348839c8c9cb681a280
24,legacy_tests/test_utils.py,93ce78e2bbffea64a41bd547d542d07fafcef8a5,2017-12-16 12:39:55-08:00,tests/test_utils.py,legacy_tests/test_utils.py,/2018-04-16 14:03:40-07:00,/4ecc6ceb4469c566c0b4079e3bdebacd873d0dab,/007881e0f6c108b55b97a6aa0ce678455e1966ba,/2018-04-20 13:54:30-07:00,94,94,,,added/renamed/removed,1,2018-04-09 15:09:57-07:00,0c4a2b12af812a8c91f89348839c8c9cb681a280
96,dwavecsp/__init__.py,127300f9e0ffd1edabab833762c5188a2818f2b5,2018-04-18 14:31:54-07:00,dwavecsp/__init__.py,dwavecsp/__init__.py,,,/710fba14a911cc56656b78f40f7e09c9d1f203df,/2018-05-07 14:23:31-07:00,25,25,,,added/removed,5,2018-04-26 15:26:33-07:00,7ae6af4d673ea1303a420cede6ca11237586820b
97,dwavecsp/core/__init__.py,127300f9e0ffd1edabab833762c5188a2818f2b5,2018-04-18 14:31:54-07:00,,,,,/710fba14a911cc56656b78f40f7e09c9d1f203df,/2018-05-07 14:23:31-07:00,2,2,,,added/removed,0,,
98,dwavecsp/core/constraint.py,127300f9e0ffd1edabab833762c5188a2818f2b5,2018-04-18 14:31:54-07:00,dwavecsp/core/constraint.py,dwavebinarycsp/core/constraint.py,/2018-05-07 14:06:49-07:00,/710fba14a911cc56656b78f40f7e09c9d1f203df,,,484,92,,,added,6,2018-04-26 13:26:51-07:00,eabbbcde66b837854fec8faa9a46dc7cb840f562
99,dwavecsp/core/csp.py,127300f9e0ffd1edabab833762c5188a2818f2b5,2018-04-18 14:31:54-07:00,dwavecsp/core/csp.py,dwavebinarycsp/core/csp.py,/2018-05-07 14:06:49-07:00,/710fba14a911cc56656b78f40f7e09c9d1f203df,,,280,53,,,added,3,2018-05-04 14:58:34-07:00,212c5e8a3715626071ce8a204bc02b8433f087cb
100,dwavecsp/exceptions.py,127300f9e0ffd1edabab833762c5188a2818f2b5,2018-04-18 14:31:54-07:00,dwavecsp/exceptions.py,dwavebinarycsp/exceptions.py,/2018-05-07 14:06:49-07:00,/710fba14a911cc56656b78f40f7e09c9d1f203df,,,2,0,,,added,0,,
101,dwavecsp/generators/__init__.py,127300f9e0ffd1edabab833762c5188a2818f2b5,2018-04-18 14:31:54-07:00,,,,,/07cc82f50748a5d854d31af4300c79efc7c5d54c,/2018-04-24 13:09:07-07:00,1,1,,,added/removed,0,,
102,dwavecsp/generators/gates.py,127300f9e0ffd1edabab833762c5188a2818f2b5,2018-04-18 14:31:54-07:00,dwavecsp/generators/gates.py,dwavecsp/generators/gates.py,,,/07cc82f50748a5d854d31af4300c79efc7c5d54c,/2018-04-24 13:09:07-07:00,201,201,,,added/removed,2,2018-04-20 13:40:08-07:00,13102c37f6f31b53c89ee8b2224bcb52600b274b
103,dwavecsp/testing.py,127300f9e0ffd1edabab833762c5188a2818f2b5,2018-04-18 14:31:54-07:00,dwavecsp/testing.py,dwavebinarycsp/testing.py,/2018-05-07 14:06:49-07:00,/710fba14a911cc56656b78f40f7e09c9d1f203df,,,53,12,,,added,1,2018-04-24 13:38:03-07:00,52a121f4f7f880d3c74b488a952dc512f18fb72e
105,tests/test_constraint.py,127300f9e0ffd1edabab833762c5188a2818f2b5,2018-04-18 14:31:54-07:00,tests/test_constraint.py,tests/test_constraint.py,,,,,269,45,,,added,7,2018-05-15 15:45:34-07:00,19068bdf8e9941a51b4d35911b69c0fe2eed836e
106,tests/test_csp.py,127300f9e0ffd1edabab833762c5188a2818f2b5,2018-04-18 14:31:54-07:00,tests/test_csp.py,tests/test_csp.py,,,,,80,4,,,added,2,2018-05-07 17:50:20-07:00,44d0d5a46a7d9bef6e020410a78941437027ddcb
107,tests/test_generators.py,127300f9e0ffd1edabab833762c5188a2818f2b5,2018-04-18 14:31:54-07:00,tests/test_generators.py,tests/test_generators.py,,,/07cc82f50748a5d854d31af4300c79efc7c5d54c,/2018-04-24 13:09:07-07:00,74,74,,,added/removed,1,2018-04-20 13:40:08-07:00,13102c37f6f31b53c89ee8b2224bcb52600b274b
111,dwavecsp/compilers/__init__.py,9bfd25ffef71d681a4f1f19d0f7065a8e74cb35c,2018-04-19 17:42:54-07:00,,,,,/710fba14a911cc56656b78f40f7e09c9d1f203df,/2018-05-07 14:23:31-07:00,1,1,,,added/removed,0,,
112,dwavecsp/compilers/stitcher.py,9bfd25ffef71d681a4f1f19d0f7065a8e74cb35c,2018-04-19 17:42:54-07:00,dwavecsp/compilers/stitcher.py,dwavebinarycsp/compilers/stitcher.py,/2018-05-07 14:06:49-07:00,/710fba14a911cc56656b78f40f7e09c9d1f203df,,,264,34,,,added,3,2018-05-07 12:28:35-07:00,20323fb5fb90a0749d0e5d406b27ee813a96b631
113,tests/test_stitcher.py,9bfd25ffef71d681a4f1f19d0f7065a8e74cb35c,2018-04-19 17:42:54-07:00,tests/test_stitcher.py,tests/test_stitcher.py,,,,,392,166,,,added,9,2020-02-25 13:16:42-08:00,6c810ef0b1aa49dd4a8110f0a6ea248a3a7b8933
115,tests_integration/test_stitcher.py,9bfd25ffef71d681a4f1f19d0f7065a8e74cb35c,2018-04-19 17:42:54-07:00,tests_integration/test_stitcher.py,tests/test_int_stitcher.py,/2018-05-07 16:49:46-07:00,/f3e405360886c3840fc9d360ab354908b47ab4cd,,,72,16,,,added,3,2018-05-07 14:06:49-07:00,710fba14a911cc56656b78f40f7e09c9d1f203df
40,dwavecsp/package_info.py,698ec761a228386287f0f87ccd62eec92e401329,2017-12-21 13:49:02-08:00,dwavecsp/package_info.py,dwavebinarycsp/package_info.py,/2018-04-20 13:49:44-07:00/2018-05-07 14:06:49-07:00,/007881e0f6c108b55b97a6aa0ce678455e1966ba/710fba14a911cc56656b78f40f7e09c9d1f203df,,,4,0,,,added/renamed,0,,
121,dwavecsp/satisfy/__init__.py,007881e0f6c108b55b97a6aa0ce678455e1966ba,2018-04-20 13:49:44-07:00,,,,,/30f752bf91030e7054f741293c74874c796afb7f,/2018-04-26 16:46:31-07:00,1,1,,,added/removed,0,,
19,dwavecsp/satisfy/satisfy.py,93ce78e2bbffea64a41bd547d542d07fafcef8a5,2017-12-16 12:39:55-08:00,dwave_constraint_compilers/satisfy/satisfy.py,dwavecsp/satisfy/satisfy.py,/2018-04-20 13:49:44-07:00,/007881e0f6c108b55b97a6aa0ce678455e1966ba,/30f752bf91030e7054f741293c74874c796afb7f,/2018-04-26 16:46:31-07:00,184,184,,,added/renamed/removed,8,2018-04-12 14:56:40-07:00,28d85a12936f8f2680d73772c7b96e4dba7e7e07
128,dwavecsp/factories/__init__.py,07cc82f50748a5d854d31af4300c79efc7c5d54c,2018-04-24 13:09:07-07:00,,,,,/710fba14a911cc56656b78f40f7e09c9d1f203df,/2018-05-07 14:23:31-07:00,2,2,,,added/removed,0,,
129,dwavecsp/factories/constraint/__init__.py,07cc82f50748a5d854d31af4300c79efc7c5d54c,2018-04-24 13:09:07-07:00,,,,,/710fba14a911cc56656b78f40f7e09c9d1f203df,/2018-05-07 14:23:31-07:00,2,2,,,added/removed,0,,
130,dwavecsp/factories/constraint/gates.py,07cc82f50748a5d854d31af4300c79efc7c5d54c,2018-04-24 13:09:07-07:00,dwavecsp/factories/constraint/gates.py,dwavebinarycsp/factories/constraint/gates.py,/2018-05-07 14:06:49-07:00,/710fba14a911cc56656b78f40f7e09c9d1f203df,,,184,22,,,added,1,2018-04-25 11:08:23-07:00,54202bdcf359d08b1476b8cfbf19f430cbf85022
131,dwavecsp/factories/constraint/sat.py,07cc82f50748a5d854d31af4300c79efc7c5d54c,2018-04-24 13:09:07-07:00,dwavecsp/factories/constraint/sat.py,dwavebinarycsp/factories/constraint/sat.py,/2018-05-07 14:06:49-07:00,/710fba14a911cc56656b78f40f7e09c9d1f203df,,,118,54,,,added,2,2018-04-25 11:08:23-07:00,54202bdcf359d08b1476b8cfbf19f430cbf85022
132,dwavecsp/factories/csp/__init__.py,07cc82f50748a5d854d31af4300c79efc7c5d54c,2018-04-24 13:09:07-07:00,dwavecsp/factories/csp/__init__.py,dwavecsp/factories/csp/__init__.py,,,/710fba14a911cc56656b78f40f7e09c9d1f203df,/2018-05-07 14:23:31-07:00,2,2,,,added/removed,1,2018-04-25 09:10:17-07:00,94f88b1325e2b0d3d7e063855dff588f5166fc67
133,dwavecsp/factories/csp/sat.py,07cc82f50748a5d854d31af4300c79efc7c5d54c,2018-04-24 13:09:07-07:00,dwavecsp/factories/csp/sat.py,dwavebinarycsp/factories/csp/sat.py,/2018-05-07 14:06:49-07:00,/710fba14a911cc56656b78f40f7e09c9d1f203df,,,164,10,,,added,2,2018-04-25 11:08:23-07:00,54202bdcf359d08b1476b8cfbf19f430cbf85022
135,tests/test_factories_constraint.py,07cc82f50748a5d854d31af4300c79efc7c5d54c,2018-04-24 13:09:07-07:00,tests/test_factories_constraint.py,tests/test_factories_constraint.py,,,,,131,24,,,added,3,2018-05-07 17:50:20-07:00,44d0d5a46a7d9bef6e020410a78941437027ddcb
136,tests/test_factories_csp.py,07cc82f50748a5d854d31af4300c79efc7c5d54c,2018-04-24 13:09:07-07:00,tests/test_factories_csp.py,tests/test_factories_csp.py,,,,,43,7,,,added,4,2018-05-07 17:50:20-07:00,44d0d5a46a7d9bef6e020410a78941437027ddcb
143,dwavecsp/factories/csp/circuits.py,94f88b1325e2b0d3d7e063855dff588f5166fc67,2018-04-25 09:10:17-07:00,dwavecsp/factories/csp/circuits.py,dwavebinarycsp/factories/csp/circuits.py,/2018-05-07 14:06:49-07:00,/710fba14a911cc56656b78f40f7e09c9d1f203df,,,157,12,,,added,2,2018-04-25 11:08:23-07:00,54202bdcf359d08b1476b8cfbf19f430cbf85022
157,CONTRIBUTING.rst,d8d8b44a1dd8de9c4f30dc653269e92bdea61a70,2018-04-25 12:03:57-07:00,CONTRIBUTING.rst,CONTRIBUTING.rst,,,,,7,4,,,added,4,2020-01-30 12:27:42-08:00,562bd8d309639d79043a56a708d24e18082a94af
159,docs/bibliography.rst,d8d8b44a1dd8de9c4f30dc653269e92bdea61a70,2018-04-25 12:03:57-07:00,,,,,,,3,0,,,added,0,,
161,docs/contributing.rst,d8d8b44a1dd8de9c4f30dc653269e92bdea61a70,2018-04-25 12:03:57-07:00,,,,,/1bff70b10a7d5e3039b20ac088401322df61f410,/2019-05-03 14:35:04-07:00,4,4,,,added/removed,0,,
162,docs/dwave.rst,d8d8b44a1dd8de9c4f30dc653269e92bdea61a70,2018-04-25 12:03:57-07:00,docs/dwave.rst,docs/dwave.rst,,,/d14c0d34e7e038a0548669f928dabde72cb0d911,/2019-03-13 17:36:12-07:00,11,11,,,added/removed,1,2018-10-01 16:31:09-07:00,ccac9292a318d513014e54da23c8fd89fad9feed
163,docs/glossary.rst,d8d8b44a1dd8de9c4f30dc653269e92bdea61a70,2018-04-25 12:03:57-07:00,docs/glossary.rst,docs/glossary.rst,,,/18cf1bb3a1eb065f687ec649145769bf4350ba66,/2020-01-30 12:44:03-08:00,27,27,,,added/removed,3,2018-09-17 08:25:10-07:00,eebb613b0949235a2e74513cae0704558c14867c
165,docs/installation.rst,d8d8b44a1dd8de9c4f30dc653269e92bdea61a70,2018-04-25 12:03:57-07:00,docs/installation.rst,docs/installation.rst,,,,,8,2,,,added,1,2020-02-03 15:13:37-08:00,3d124d3f429c937ccc56459ef4d64b6c8e44f3d2
166,docs/ocean.rst,d8d8b44a1dd8de9c4f30dc653269e92bdea61a70,2018-04-25 12:03:57-07:00,docs/ocean.rst,docs/ocean.rst,,,/d14c0d34e7e038a0548669f928dabde72cb0d911,/2019-03-13 17:36:12-07:00,12,12,,,added/removed,1,2018-09-17 08:25:10-07:00,eebb613b0949235a2e74513cae0704558c14867c
167,docs/reference/index.rst,d8d8b44a1dd8de9c4f30dc653269e92bdea61a70,2018-04-25 12:03:57-07:00,docs/reference/index.rst,docs/reference/index.rst,,,,,21,4,,,added,10,2020-01-30 12:27:04-08:00,5a1e56f3bd248313e1f03fedcc42e9327f62b4a2
170,docs/reference/constraint.rst,adc8cb6098503ce19fe7cefb292137ea96dc4bf9,2018-04-25 17:58:40-07:00,docs/reference/constraint.rst,docs/reference/constraint.rst,,,,,60,7,,,added,5,2020-01-30 12:27:04-08:00,5a1e56f3bd248313e1f03fedcc42e9327f62b4a2
176,docs/reference/csp.rst,69b91842743300f90b42a65e5b67e9574827fa32,2018-04-26 11:50:39-07:00,docs/reference/csp.rst,docs/reference/csp.rst,,,,,49,5,,,added,2,2018-05-07 14:06:49-07:00,710fba14a911cc56656b78f40f7e09c9d1f203df
185,docs/reference/reduction.rst,7ae6af4d673ea1303a420cede6ca11237586820b,2018-04-26 15:26:33-07:00,docs/reference/reduction.rst,docs/reference/reduction.rst,,,,,22,6,,,added,3,2020-01-30 12:27:04-08:00,5a1e56f3bd248313e1f03fedcc42e9327f62b4a2
187,dwavecsp/reduction.py,7ae6af4d673ea1303a420cede6ca11237586820b,2018-04-26 15:26:33-07:00,dwavecsp/reduction.py,dwavebinarycsp/reduction.py,/2018-05-07 14:06:49-07:00,/710fba14a911cc56656b78f40f7e09c9d1f203df,,,74,5,,,added,1,2018-04-26 16:40:00-07:00,8d25533f9cbf11c34bb4e140a4543cfc2d786d9e
188,tests/test_reduction.py,7ae6af4d673ea1303a420cede6ca11237586820b,2018-04-26 15:26:33-07:00,tests/test_reduction.py,tests/test_reduction.py,,,,,36,5,,,added,2,2018-05-07 17:50:20-07:00,44d0d5a46a7d9bef6e020410a78941437027ddcb
189,docs/reference/compilers.rst,8d25533f9cbf11c34bb4e140a4543cfc2d786d9e,2018-04-26 16:40:00-07:00,docs/reference/compilers.rst,docs/reference/compilers.rst,,,,,30,4,,,added,3,2020-01-30 12:27:04-08:00,5a1e56f3bd248313e1f03fedcc42e9327f62b4a2
213,dwavebinarycsp/__init__.py,710fba14a911cc56656b78f40f7e09c9d1f203df,2018-05-07 14:06:49-07:00,dwavebinarycsp/__init__.py,dwavebinarycsp/__init__.py,,,,,70,2,,,added,4,2018-10-26 15:25:31-07:00,f30f2f0d69c7794670930b8b9b415921221fe431
214,dwavebinarycsp/compilers/__init__.py,710fba14a911cc56656b78f40f7e09c9d1f203df,2018-05-07 14:06:49-07:00,dwavebinarycsp/compilers/__init__.py,dwavebinarycsp/compilers/__init__.py,,,,,17,0,,,added,1,2018-05-07 17:50:20-07:00,44d0d5a46a7d9bef6e020410a78941437027ddcb
112,dwavebinarycsp/compilers/stitcher.py,9bfd25ffef71d681a4f1f19d0f7065a8e74cb35c,2018-04-19 17:42:54-07:00,dwavebinarycsp/compilers/stitcher.py,dwavebinarycsp/compilers/stitcher.py,/2018-05-07 14:06:49-07:00,/710fba14a911cc56656b78f40f7e09c9d1f203df,,,381,122,,,added/renamed,17,2020-03-10 11:59:54-07:00,4c0ebc4090e667f65d8a868b4679a89a14b0ad34
215,dwavebinarycsp/core/__init__.py,710fba14a911cc56656b78f40f7e09c9d1f203df,2018-05-07 14:06:49-07:00,dwavebinarycsp/core/__init__.py,dwavebinarycsp/core/__init__.py,,,,,18,0,,,added,1,2018-05-07 17:50:20-07:00,44d0d5a46a7d9bef6e020410a78941437027ddcb
98,dwavebinarycsp/core/constraint.py,127300f9e0ffd1edabab833762c5188a2818f2b5,2018-04-18 14:31:54-07:00,dwavebinarycsp/core/constraint.py,dwavebinarycsp/core/constraint.py,/2018-05-07 14:06:49-07:00,/710fba14a911cc56656b78f40f7e09c9d1f203df,,,709,189,,,added/renamed,15,2020-03-10 11:59:54-07:00,4c0ebc4090e667f65d8a868b4679a89a14b0ad34
99,dwavebinarycsp/core/csp.py,127300f9e0ffd1edabab833762c5188a2818f2b5,2018-04-18 14:31:54-07:00,dwavebinarycsp/core/csp.py,dwavebinarycsp/core/csp.py,/2018-05-07 14:06:49-07:00,/710fba14a911cc56656b78f40f7e09c9d1f203df,,,296,61,,,added/renamed,6,2020-03-10 11:59:54-07:00,4c0ebc4090e667f65d8a868b4679a89a14b0ad34
100,dwavebinarycsp/exceptions.py,127300f9e0ffd1edabab833762c5188a2818f2b5,2018-04-18 14:31:54-07:00,dwavebinarycsp/exceptions.py,dwavebinarycsp/exceptions.py,/2018-05-07 14:06:49-07:00,/710fba14a911cc56656b78f40f7e09c9d1f203df,,,26,1,,,added/renamed,3,2018-07-28 12:59:33-07:00,0d4c48e58574bf9a25e6e26865a5f8d281db8621
216,dwavebinarycsp/factories/__init__.py,710fba14a911cc56656b78f40f7e09c9d1f203df,2018-05-07 14:06:49-07:00,dwavebinarycsp/factories/__init__.py,dwavebinarycsp/factories/__init__.py,,,,,18,0,,,added,1,2018-05-07 17:50:20-07:00,44d0d5a46a7d9bef6e020410a78941437027ddcb
217,dwavebinarycsp/factories/constraint/__init__.py,710fba14a911cc56656b78f40f7e09c9d1f203df,2018-05-07 14:06:49-07:00,dwavebinarycsp/factories/constraint/__init__.py,dwavebinarycsp/factories/constraint/__init__.py,,,,,18,0,,,added,1,2018-05-07 17:50:20-07:00,44d0d5a46a7d9bef6e020410a78941437027ddcb
130,dwavebinarycsp/factories/constraint/gates.py,07cc82f50748a5d854d31af4300c79efc7c5d54c,2018-04-24 13:09:07-07:00,dwavebinarycsp/factories/constraint/gates.py,dwavebinarycsp/factories/constraint/gates.py,/2018-05-07 14:06:49-07:00,/710fba14a911cc56656b78f40f7e09c9d1f203df,,,336,44,,,added/renamed,8,2020-03-10 11:59:54-07:00,4c0ebc4090e667f65d8a868b4679a89a14b0ad34
131,dwavebinarycsp/factories/constraint/sat.py,07cc82f50748a5d854d31af4300c79efc7c5d54c,2018-04-24 13:09:07-07:00,dwavebinarycsp/factories/constraint/sat.py,dwavebinarycsp/factories/constraint/sat.py,/2018-05-07 14:06:49-07:00,/710fba14a911cc56656b78f40f7e09c9d1f203df,,,159,58,,,added/renamed,7,2020-03-10 11:59:54-07:00,4c0ebc4090e667f65d8a868b4679a89a14b0ad34
218,dwavebinarycsp/factories/csp/__init__.py,710fba14a911cc56656b78f40f7e09c9d1f203df,2018-05-07 14:06:49-07:00,dwavebinarycsp/factories/csp/__init__.py,dwavebinarycsp/factories/csp/__init__.py,,,,,18,0,,,added,1,2018-05-07 17:50:20-07:00,44d0d5a46a7d9bef6e020410a78941437027ddcb
143,dwavebinarycsp/factories/csp/circuits.py,94f88b1325e2b0d3d7e063855dff588f5166fc67,2018-04-25 09:10:17-07:00,dwavebinarycsp/factories/csp/circuits.py,dwavebinarycsp/factories/csp/circuits.py,/2018-05-07 14:06:49-07:00,/710fba14a911cc56656b78f40f7e09c9d1f203df,,,232,34,,,added/renamed,9,2020-03-10 11:59:54-07:00,4c0ebc4090e667f65d8a868b4679a89a14b0ad34
133,dwavebinarycsp/factories/csp/sat.py,07cc82f50748a5d854d31af4300c79efc7c5d54c,2018-04-24 13:09:07-07:00,dwavebinarycsp/factories/csp/sat.py,dwavebinarycsp/factories/csp/sat.py,/2018-05-07 14:06:49-07:00,/710fba14a911cc56656b78f40f7e09c9d1f203df,,,250,17,,,added/renamed,8,2020-03-10 11:59:54-07:00,4c0ebc4090e667f65d8a868b4679a89a14b0ad34
40,dwavebinarycsp/package_info.py,698ec761a228386287f0f87ccd62eec92e401329,2017-12-21 13:49:02-08:00,dwavebinarycsp/package_info.py,dwavebinarycsp/package_info.py,/2018-04-20 13:49:44-07:00/2018-05-07 14:06:49-07:00,/007881e0f6c108b55b97a6aa0ce678455e1966ba/710fba14a911cc56656b78f40f7e09c9d1f203df,,,36,16,,,added/renamed/renamed,16,2020-03-18 13:12:07-07:00,c1b30d11744463052cb250b0fa4db1099b5102e6
187,dwavebinarycsp/reduction.py,7ae6af4d673ea1303a420cede6ca11237586820b,2018-04-26 15:26:33-07:00,dwavebinarycsp/reduction.py,dwavebinarycsp/reduction.py,/2018-05-07 14:06:49-07:00,/710fba14a911cc56656b78f40f7e09c9d1f203df,,,108,13,,,added/renamed,4,2020-03-10 11:59:54-07:00,4c0ebc4090e667f65d8a868b4679a89a14b0ad34
103,dwavebinarycsp/testing.py,127300f9e0ffd1edabab833762c5188a2818f2b5,2018-04-18 14:31:54-07:00,dwavebinarycsp/testing.py,dwavebinarycsp/testing.py,/2018-05-07 14:06:49-07:00,/710fba14a911cc56656b78f40f7e09c9d1f203df,,,69,12,,,added/renamed,2,2018-05-07 17:50:20-07:00,44d0d5a46a7d9bef6e020410a78941437027ddcb
115,tests/test_int_stitcher.py,9bfd25ffef71d681a4f1f19d0f7065a8e74cb35c,2018-04-19 17:42:54-07:00,tests/test_int_stitcher.py,tests/test_int_stitcher.py,/2018-05-07 16:49:46-07:00,/f3e405360886c3840fc9d360ab354908b47ab4cd,,,162,29,,,added/renamed,9,2019-03-14 12:03:57-07:00,7ce202cd5a1115447bb264df6e5feb3fd81cd7a5
271,setup.cfg,28bc3da38eebb485cf2490fdd95aae7f4df8ea5e,2018-05-09 14:19:23-07:00,setup.cfg,setup.cfg,,,,,5,3,,,added,1,2020-02-24 07:51:06-08:00,0cc6b7ed14d2ad2b9697bb282c83bc1a28bc3d1d
279,docs/reference/intro.rst,70fb9fcab7984f3aa61f8a07766835f1d8b0b28c,2018-05-10 13:09:24-07:00,docs/reference/intro.rst,docs/intro.rst,/2018-09-21 09:15:29-07:00,/974f2f693eddbf395aea0c201aae1db158f1dc63,,,317,24,,,added,2,2018-05-15 15:30:17-07:00,40ebf9eb7b827f2156ad2fa337c7040217dea6e7
297,tests/test_documentation.py,e628c63ec4a3466c5d51df98814770a46f94b49a,2018-05-15 16:16:03-07:00,,,,,,,97,0,,,added,0,,
299,examples/explicit_circuit_fault_diagnosis.py,93cb7be58da7a4ef71c8b69d074e14fc650c2355,2018-05-29 10:26:27-07:00,,,,,,,107,0,,,added,0,,
303,docs/examples/cfd.rst,cd9e8e76e7998bcb9660d70b61a12795b826f27a,2018-05-29 11:05:39-07:00,docs/examples/cfd.rst,docs/examples/cfd.rst,,,,,78,9,,,added,2,2020-02-03 15:13:37-08:00,3d124d3f429c937ccc56459ef4d64b6c8e44f3d2
304,docs/examples/index.rst,cd9e8e76e7998bcb9660d70b61a12795b826f27a,2018-05-29 11:05:39-07:00,docs/examples/index.rst,docs/examples/index.rst,,,,,13,1,,,added,1,2020-01-30 12:27:04-08:00,5a1e56f3bd248313e1f03fedcc42e9327f62b4a2
310,.appveyor.yml,7a230bfefd25fb7298c8e5b683aa945490f4f592,2018-07-27 14:56:07-07:00,.appveyor.yml,.appveyor.yml,,,,,33,13,,,added,4,2020-08-21 15:45:57-07:00,e4976d092dfade2220cc06ddd5c28de2f91c5aca
328,.github/ISSUE_TEMPLATE/bug_report.md,4f216e5526cd76575d1e3a5afbb38dbf106c051d,2018-08-14 15:53:40-07:00,,,,,,,21,0,,,added,0,,
329,.github/ISSUE_TEMPLATE/feature_request.md,4f216e5526cd76575d1e3a5afbb38dbf106c051d,2018-08-14 15:53:40-07:00,,,,,,,19,0,,,added,0,,
331,docs/reference/loading.rst,027fa16d888df655c8a2df83a8d5d3b3b08aa423,2018-08-21 09:09:58-07:00,docs/reference/loading.rst,docs/reference/loading.rst,,,,,19,1,,,added,1,2020-01-30 12:27:04-08:00,5a1e56f3bd248313e1f03fedcc42e9327f62b4a2
333,dwavebinarycsp/io/__init__.py,027fa16d888df655c8a2df83a8d5d3b3b08aa423,2018-08-21 09:09:58-07:00,,,,,,,17,0,,,added,0,,
334,dwavebinarycsp/io/cnf.py,027fa16d888df655c8a2df83a8d5d3b3b08aa423,2018-08-21 09:09:58-07:00,,,,,,,101,0,,,added,0,,
336,tests/data/test0.cnf,027fa16d888df655c8a2df83a8d5d3b3b08aa423,2018-08-21 09:09:58-07:00,,,,,,,193,0,,,added,0,,
337,tests/data/test1.cnf,027fa16d888df655c8a2df83a8d5d3b3b08aa423,2018-08-21 09:09:58-07:00,,,,,,,156,0,,,added,0,,
338,tests/test_io_cnf.py,027fa16d888df655c8a2df83a8d5d3b3b08aa423,2018-08-21 09:09:58-07:00,,,,,,,56,0,,,added,0,,
279,docs/intro.rst,70fb9fcab7984f3aa61f8a07766835f1d8b0b28c,2018-05-10 13:09:24-07:00,docs/intro.rst,docs/intro.rst,/2018-09-21 09:15:29-07:00,/974f2f693eddbf395aea0c201aae1db158f1dc63,,,323,138,,,added/renamed,5,2020-03-06 12:54:28-08:00,15de4ac970793894b03932a2b17ffb988287c64a
348,docs/reference/factory_constraints.rst,81f48bcead5be936e93c995da8fb21cc56eea367,2018-09-28 12:03:29-07:00,,,,,,,47,0,,,added,0,,
363,docs/leap.rst,ccac9292a318d513014e54da23c8fd89fad9feed,2018-10-01 16:31:09-07:00,,,,,/1bff70b10a7d5e3039b20ac088401322df61f410,/2019-05-03 14:35:04-07:00,11,11,,,added/removed,0,,
364,docs/sysdocs.rst,ccac9292a318d513014e54da23c8fd89fad9feed,2018-10-01 16:31:09-07:00,,,,,/d14c0d34e7e038a0548669f928dabde72cb0d911,/2019-03-13 17:36:12-07:00,8,8,,,added/removed,0,,
406,docs/_static/cookie_notice.css,77418c69f7f05210750441e6b493abe82daa38df,2019-05-29 09:07:46-07:00,,,,,,,31,0,,,added,0,,
407,docs/_static/cookie_notice.js,77418c69f7f05210750441e6b493abe82daa38df,2019-05-29 09:07:46-07:00,,,,,,,29,0,,,added,0,,
412,docs/_static/FA_from_HA.png,1ede1542b0c2c7e65306e7ed3f7bb539ccd42540,2019-12-24 11:30:00-08:00,docs/_static/FA_from_HA.png,docs/_images/FA_from_HA.png,2019-12-24 11:30:00-08:00/2019-12-24 11:30:00-08:00,1ede1542b0c2c7e65306e7ed3f7bb539ccd42540/1ede1542b0c2c7e65306e7ed3f7bb539ccd42540,,,0,0,docs/_static/FA_from_HA.png,docs/_images/FA_from_HA.png,added->renamed,0,,
412,docs/_images/FA_from_HA.png,1ede1542b0c2c7e65306e7ed3f7bb539ccd42540,2019-12-24 11:30:00-08:00,docs/_static/FA_from_HA.png,docs/_images/FA_from_HA.png,2019-12-24 11:30:00-08:00/2019-12-24 11:30:00-08:00,1ede1542b0c2c7e65306e7ed3f7bb539ccd42540/1ede1542b0c2c7e65306e7ed3f7bb539ccd42540,,,0,0,docs/_static/FA_from_HA.png,docs/_images/FA_from_HA.png,added->renamed/renamed,0,,
413,docs/_static/HA.png,1ede1542b0c2c7e65306e7ed3f7bb539ccd42540,2019-12-24 11:30:00-08:00,docs/_static/HA.png,docs/_images/HA.png,2019-12-24 11:30:00-08:00/2019-12-24 11:30:00-08:00,1ede1542b0c2c7e65306e7ed3f7bb539ccd42540/1ede1542b0c2c7e65306e7ed3f7bb539ccd42540,,,0,0,docs/_static/HA.png,docs/_images/HA.png,added->renamed,0,,
413,docs/_images/HA.png,1ede1542b0c2c7e65306e7ed3f7bb539ccd42540,2019-12-24 11:30:00-08:00,docs/_static/HA.png,docs/_images/HA.png,2019-12-24 11:30:00-08:00/2019-12-24 11:30:00-08:00,1ede1542b0c2c7e65306e7ed3f7bb539ccd42540/1ede1542b0c2c7e65306e7ed3f7bb539ccd42540,,,0,0,docs/_static/HA.png,docs/_images/HA.png,added->renamed/renamed,0,,
414,docs/_static/Problem_MapColoring.png,1ede1542b0c2c7e65306e7ed3f7bb539ccd42540,2019-12-24 11:30:00-08:00,docs/_static/Problem_MapColoring.png,docs/_images/Problem_MapColoring.png,2019-12-24 11:30:00-08:00/2019-12-24 11:30:00-08:00,1ede1542b0c2c7e65306e7ed3f7bb539ccd42540/1ede1542b0c2c7e65306e7ed3f7bb539ccd42540,,,0,0,docs/_static/Problem_MapColoring.png,docs/_images/Problem_MapColoring.png,added->renamed,0,,
414,docs/_images/Problem_MapColoring.png,1ede1542b0c2c7e65306e7ed3f7bb539ccd42540,2019-12-24 11:30:00-08:00,docs/_static/Problem_MapColoring.png,docs/_images/Problem_MapColoring.png,2019-12-24 11:30:00-08:00/2019-12-24 11:30:00-08:00,1ede1542b0c2c7e65306e7ed3f7bb539ccd42540/1ede1542b0c2c7e65306e7ed3f7bb539ccd42540,,,0,0,docs/_static/Problem_MapColoring.png,docs/_images/Problem_MapColoring.png,added->renamed/renamed,0,,
415,docs/_static/and.png,1ede1542b0c2c7e65306e7ed3f7bb539ccd42540,2019-12-24 11:30:00-08:00,docs/_static/and.png,docs/_images/and.png,2019-12-24 11:30:00-08:00/2019-12-24 11:30:00-08:00,1ede1542b0c2c7e65306e7ed3f7bb539ccd42540/1ede1542b0c2c7e65306e7ed3f7bb539ccd42540,,,0,0,docs/_static/and.png,docs/_images/and.png,added->renamed,0,,
415,docs/_images/and.png,1ede1542b0c2c7e65306e7ed3f7bb539ccd42540,2019-12-24 11:30:00-08:00,docs/_static/and.png,docs/_images/and.png,2019-12-24 11:30:00-08:00/2019-12-24 11:30:00-08:00,1ede1542b0c2c7e65306e7ed3f7bb539ccd42540/1ede1542b0c2c7e65306e7ed3f7bb539ccd42540,,,0,0,docs/_static/and.png,docs/_images/and.png,added->renamed/renamed,0,,
416,docs/_static/map_coloring_CSP4colors.png,1ede1542b0c2c7e65306e7ed3f7bb539ccd42540,2019-12-24 11:30:00-08:00,docs/_static/map_coloring_CSP4colors.png,docs/_images/map_coloring_CSP4colors.png,2019-12-24 11:30:00-08:00/2019-12-24 11:30:00-08:00,1ede1542b0c2c7e65306e7ed3f7bb539ccd42540/1ede1542b0c2c7e65306e7ed3f7bb539ccd42540,,,0,0,docs/_static/map_coloring_CSP4colors.png,docs/_images/map_coloring_CSP4colors.png,added->renamed,0,,
416,docs/_images/map_coloring_CSP4colors.png,1ede1542b0c2c7e65306e7ed3f7bb539ccd42540,2019-12-24 11:30:00-08:00,docs/_static/map_coloring_CSP4colors.png,docs/_images/map_coloring_CSP4colors.png,2019-12-24 11:30:00-08:00/2019-12-24 11:30:00-08:00,1ede1542b0c2c7e65306e7ed3f7bb539ccd42540/1ede1542b0c2c7e65306e7ed3f7bb539ccd42540,,,0,0,docs/_static/map_coloring_CSP4colors.png,docs/_images/map_coloring_CSP4colors.png,added->renamed/renamed,0,,
420,docs/sdk_index.rst,1ede1542b0c2c7e65306e7ed3f7bb539ccd42540,2019-12-24 11:30:00-08:00,docs/sdk_index.rst,docs/sdk_index.rst,,,,,21,2,,,added,3,2020-02-03 15:13:37-08:00,3d124d3f429c937ccc56459ef4d64b6c8e44f3d2
435,docs/LICENSE,3d124d3f429c937ccc56459ef4d64b6c8e44f3d2,2020-02-03 15:13:37-08:00,,,,,,,1,0,,,added,0,,
436,docs/README.rst,3d124d3f429c937ccc56459ef4d64b6c8e44f3d2,2020-02-03 15:13:37-08:00,,,,,,,1,0,,,added,0,,
438,docs/examples/explicit_circuit_fault_diagnosis.py,3d124d3f429c937ccc56459ef4d64b6c8e44f3d2,2020-02-03 15:13:37-08:00,,,,,,,1,0,,,added,0,,
484,docs/requirements.txt,e4976d092dfade2220cc06ddd5c28de2f91c5aca,2020-08-21 15:45:57-07:00,,,,,,,3,0,,,added,0,,
486,tests/requirements.txt,e4976d092dfade2220cc06ddd5c28de2f91c5aca,2020-08-21 15:45:57-07:00,,,,,,,3,0,,,added,0,,
