Category,project,snapshot_id,FileId,total_debt,total_effort,bug_inducing,bug_fixing,inducing_loc,fixing_loc,total_loc,sonar_loc,is_inducing,is_debt,ERROR,CODE_SMELL,is_erroneous,is_smelly,MAJOR,CRITICAL,MINOR,BLOCKER,wcag2_a,pitfall,based_on_misra,es2015,clumsy,html5,user_experience,bad_practice,unused,cwe,python3,suspicious,finding,psr2,duplicate,obsolete,error_handling,lock_in,accessibility,brain_overload,convention,unpredictable,design,api_design,redundant,confusing
Assembly,lanl/qmasm,13,1,31,304,31,16,2666,254,14431,6557,1,1,3,28,1,1,6,3,1,0,0,0,0,0,0,0,0,0,2,0,15,3,0,0,0,0,1,0,0,4,3,0,0,0,0,0
Assembly,lanl/qmasm,13,3,13,65,9,3,91,11,168,302,1,1,0,13,0,1,0,0,13,0,0,0,0,0,0,0,0,0,0,0,0,0,0,0,0,0,0,0,0,0,13,0,0,0,0,0
Assembly,lanl/qmasm,13,5,0,0,4,2,56,9,428,0,1,0,0,0,0,0,0,0,0,0,0,0,0,0,0,0,0,0,0,0,0,0,0,0,0,0,0,0,0,0,0,0,0,0,0,0
Assembly,lanl/qmasm,13,6,0,0,8,2,64,12,272,0,1,0,0,0,0,0,0,0,0,0,0,0,0,0,0,0,0,0,0,0,0,0,0,0,0,0,0,0,0,0,0,0,0,0,0,0
Assembly,lanl/qmasm,13,10,46,628,11,4,259,52,1231,8722,1,1,4,42,1,1,17,0,0,4,0,0,0,0,0,0,0,0,0,21,0,0,0,0,0,0,0,0,0,0,0,0,21,0,0,0
Assembly,lanl/qmasm,13,28,347,4789,10,4,777,52,8171,260737,1,1,75,272,1,1,0,27,0,0,0,0,0,0,0,0,0,0,36,25,0,0,0,0,0,0,0,0,0,169,0,0,51,0,0,0
Assembly,lanl/qmasm,13,32,0,0,5,1,332,159,340,0,1,0,0,0,0,0,0,0,0,0,0,0,0,0,0,0,0,0,0,0,0,0,0,0,0,0,0,0,0,0,0,0,0,0,0,0
Assembly,lanl/qmasm,13,416,79,1407,1,6,193,27,1220,18535,1,1,0,79,0,1,14,0,3,0,0,0,0,0,0,0,0,0,17,14,0,0,0,0,0,0,0,0,0,48,0,0,0,0,0,0
Assembly,lanl/qmasm,13,37,191,3445,21,20,1059,450,5289,103900,1,1,0,191,0,1,0,23,0,0,0,0,0,0,0,0,0,0,0,0,0,0,0,0,0,0,42,0,0,83,66,0,0,0,0,0
Assembly,lanl/qmasm,13,167,0,0,2,0,61,0,291,0,1,0,0,0,0,0,0,0,0,0,0,0,0,0,0,0,0,0,0,0,0,0,0,0,0,0,0,0,0,0,0,0,0,0,0,0
Assembly,lanl/qmasm,13,169,60,330,2,3,122,9,1082,6856,1,1,0,60,0,1,2,0,8,0,0,0,0,0,0,0,0,0,10,0,16,4,0,0,0,0,0,0,0,10,20,0,0,0,0,0
Assembly,lanl/qmasm,13,42,143,1088,24,11,874,176,3557,57811,1,1,3,140,1,1,21,1,1,2,0,0,0,0,0,0,0,0,0,21,8,0,0,0,0,0,0,0,0,42,69,0,0,0,0,0
Assembly,lanl/qmasm,13,683,0,0,9,8,619,237,831,0,1,0,0,0,0,0,0,0,0,0,0,0,0,0,0,0,0,0,0,0,0,0,0,0,0,0,0,0,0,0,0,0,0,0,0,0
Assembly,lanl/qmasm,13,174,0,0,1,0,299,0,598,0,1,0,0,0,0,0,0,0,0,0,0,0,0,0,0,0,0,0,0,0,0,0,0,0,0,0,0,0,0,0,0,0,0,0,0,0
Assembly,lanl/qmasm,13,175,0,0,1,0,72,0,454,0,1,0,0,0,0,0,0,0,0,0,0,0,0,0,0,0,0,0,0,0,0,0,0,0,0,0,0,0,0,0,0,0,0,0,0,0
Assembly,lanl/qmasm,13,303,0,0,0,0,0,0,40,0,0,0,0,0,0,0,0,0,0,0,0,0,0,0,0,0,0,0,0,0,0,0,0,0,0,0,0,0,0,0,0,0,0,0,0,0
Assembly,lanl/qmasm,13,304,0,0,0,0,0,0,54,0,0,0,0,0,0,0,0,0,0,0,0,0,0,0,0,0,0,0,0,0,0,0,0,0,0,0,0,0,0,0,0,0,0,0,0,0
Assembly,lanl/qmasm,13,179,64,941,1,1,517,12,620,26248,1,1,0,64,0,1,0,16,0,0,0,0,0,0,0,0,0,0,0,0,0,0,0,0,0,0,0,0,0,64,0,0,0,0,0,0
Assembly,lanl/qmasm,13,184,0,0,0,0,0,0,246,0,0,0,0,0,0,0,0,0,0,0,0,0,0,0,0,0,0,0,0,0,0,0,0,0,0,0,0,0,0,0,0,0,0,0,0,0
Assembly,lanl/qmasm,13,58,0,0,1,0,0,0,76,0,1,0,0,0,0,0,0,0,0,0,0,0,0,0,0,0,0,0,0,0,0,0,0,0,0,0,0,0,0,0,0,0,0,0,0,0
Assembly,lanl/qmasm,13,59,0,0,1,0,0,0,76,0,1,0,0,0,0,0,0,0,0,0,0,0,0,0,0,0,0,0,0,0,0,0,0,0,0,0,0,0,0,0,0,0,0,0,0,0
Assembly,lanl/qmasm,13,60,0,0,1,0,4,0,64,0,1,0,0,0,0,0,0,0,0,0,0,0,0,0,0,0,0,0,0,0,0,0,0,0,0,0,0,0,0,0,0,0,0,0,0,0
Assembly,lanl/qmasm,13,189,11,78,7,6,141,75,760,847,1,1,3,8,1,1,0,5,0,3,0,0,0,0,0,0,0,0,0,0,0,0,0,0,0,0,0,0,0,0,0,0,8,0,0,0
Assembly,lanl/qmasm,13,67,132,1376,17,17,565,343,2534,38403,1,1,4,128,1,1,0,25,0,2,0,0,0,0,0,0,0,0,67,0,0,0,0,0,0,0,17,0,0,44,0,0,0,0,0,0
Assembly,lanl/qmasm,13,581,0,0,2,0,18,0,18,0,1,0,0,0,0,0,0,0,0,0,0,0,0,0,0,0,0,0,0,0,0,0,0,0,0,0,0,0,0,0,0,0,0,0,0,0
Assembly,lanl/qmasm,13,582,0,0,10,0,25,0,2,0,1,0,0,0,0,0,0,0,0,0,0,0,0,0,0,0,0,0,0,0,0,0,0,0,0,0,0,0,0,0,0,0,0,0,0,0
Assembly,lanl/qmasm,13,583,0,0,27,5,287,16,307,0,1,0,0,0,0,0,0,0,0,0,0,0,0,0,0,0,0,0,0,0,0,0,0,0,0,0,0,0,0,0,0,0,0,0,0,0
Assembly,lanl/qmasm,13,710,0,0,0,1,0,0,77,0,0,0,0,0,0,0,0,0,0,0,0,0,0,0,0,0,0,0,0,0,0,0,0,0,0,0,0,0,0,0,0,0,0,0,0,0
Assembly,lanl/qmasm,13,584,12,116,29,10,285,117,396,804,1,1,4,8,1,1,2,0,0,2,0,0,0,0,4,0,0,0,0,4,0,0,0,0,0,0,0,0,0,4,0,0,0,0,0,0
Assembly,lanl/qmasm,13,458,0,0,0,0,0,0,21,0,0,0,0,0,0,0,0,0,0,0,0,0,0,0,0,0,0,0,0,0,0,0,0,0,0,0,0,0,0,0,0,0,0,0,0,0
Assembly,lanl/qmasm,13,75,0,0,1,0,8,0,108,0,1,0,0,0,0,0,0,0,0,0,0,0,0,0,0,0,0,0,0,0,0,0,0,0,0,0,0,0,0,0,0,0,0,0,0,0
Assembly,lanl/qmasm,13,586,0,0,2,0,4,0,4,0,1,0,0,0,0,0,0,0,0,0,0,0,0,0,0,0,0,0,0,0,0,0,0,0,0,0,0,0,0,0,0,0,0,0,0,0
Assembly,lanl/qmasm,13,591,16,156,2,1,428,31,490,5152,1,1,0,16,0,1,0,4,0,0,0,0,0,0,4,0,0,0,0,4,0,0,0,0,0,0,0,0,0,4,0,0,0,0,0,0
Assembly,lanl/qmasm,13,593,76,1044,3,2,1231,140,1522,61788,1,1,12,64,1,1,0,4,0,0,0,0,0,0,0,0,0,0,8,4,0,0,0,0,0,0,0,0,0,32,0,0,8,0,0,0
Assembly,lanl/qmasm,13,82,0,0,1,0,0,0,56,0,1,0,0,0,0,0,0,0,0,0,0,0,0,0,0,0,0,0,0,0,0,0,0,0,0,0,0,0,0,0,0,0,0,0,0,0
Assembly,lanl/qmasm,13,83,0,0,2,0,16,0,100,0,1,0,0,0,0,0,0,0,0,0,0,0,0,0,0,0,0,0,0,0,0,0,0,0,0,0,0,0,0,0,0,0,0,0,0,0
Assembly,lanl/qmasm,13,210,40,248,4,4,118,23,397,2399,1,1,0,40,0,1,2,0,19,0,0,0,0,0,0,0,0,0,0,0,0,0,0,0,0,0,0,0,0,0,40,0,0,0,0,0
Assembly,lanl/qmasm,13,215,0,0,0,0,0,0,28,0,0,0,0,0,0,0,0,0,0,0,0,0,0,0,0,0,0,0,0,0,0,0,0,0,0,0,0,0,0,0,0,0,0,0,0,0
Assembly,lanl/qmasm,13,602,12,88,13,9,350,193,712,2514,1,1,4,8,1,1,0,2,0,2,0,0,0,0,0,0,0,0,4,0,0,0,0,0,0,0,0,0,0,4,0,0,0,0,0,0
Assembly,lanl/qmasm,13,603,12,152,2,3,22,184,197,1368,1,1,4,8,1,1,0,0,0,4,0,0,0,0,0,0,0,0,0,4,0,0,0,0,0,0,0,0,0,0,0,0,4,0,0,0
Assembly,lanl/qmasm,13,95,0,0,0,0,0,0,7,0,0,0,0,0,0,0,0,0,0,0,0,0,0,0,0,0,0,0,0,0,0,0,0,0,0,0,0,0,0,0,0,0,0,0,0,0
Assembly,lanl/qmasm,13,735,0,0,0,0,0,0,2,0,0,0,0,0,0,0,0,0,0,0,0,0,0,0,0,0,0,0,0,0,0,0,0,0,0,0,0,0,0,0,0,0,0,0,0,0
Assembly,lanl/qmasm,13,613,18,126,16,14,790,348,1480,3966,1,1,0,18,0,1,0,4,0,0,0,0,0,0,0,0,0,0,0,0,0,0,0,0,0,0,4,0,0,10,4,0,0,0,0,0
Assembly,lanl/qmasm,13,377,0,0,0,0,0,0,23,0,0,0,0,0,0,0,0,0,0,0,0,0,0,0,0,0,0,0,0,0,0,0,0,0,0,0,0,0,0,0,0,0,0,0,0,0
Assembly,lanl/qmasm,13,508,0,0,0,0,0,0,133,0,0,0,0,0,0,0,0,0,0,0,0,0,0,0,0,0,0,0,0,0,0,0,0,0,0,0,0,0,0,0,0,0,0,0,0,0
Assembly,lanl/qmasm,13,630,2,20,9,3,358,57,550,180,1,1,2,0,1,0,0,0,0,2,0,0,0,0,0,0,0,0,0,0,0,0,0,0,0,0,0,0,0,0,0,0,0,0,0,0
Assembly,lanl/qmasm,13,380,88,848,2,4,326,66,2209,28438,1,1,0,88,0,1,0,20,1,0,0,0,0,0,21,0,0,0,1,21,0,0,0,0,0,0,0,0,0,24,0,0,0,0,0,0
Assembly,lanl/qmasm,13,121,0,0,7,2,11,5,31,0,1,0,0,0,0,0,0,0,0,0,0,0,0,0,0,0,0,0,0,0,0,0,0,0,0,0,0,0,0,0,0,0,0,0,0,0
Assembly,lanl/qmasm,13,252,20,120,4,3,125,37,565,2012,1,1,0,20,0,1,0,20,0,0,0,0,0,0,0,0,0,0,0,0,0,0,0,0,0,0,0,0,0,0,0,0,20,0,0,0
Assembly,XanaduAI/blackbird,5,128,0,0,3,0,306,0,3574,0,1,0,0,0,0,0,0,0,0,0,0,0,0,0,0,0,0,0,0,0,0,0,0,0,0,0,0,0,0,0,0,0,0,0,0,0
Assembly,XanaduAI/blackbird,5,129,0,0,2,0,28,0,418,0,1,0,0,0,0,0,0,0,0,0,0,0,0,0,0,0,0,0,0,0,0,0,0,0,0,0,0,0,0,0,0,0,0,0,0,0
Assembly,XanaduAI/blackbird,5,2,0,0,16,2,316,20,585,0,1,0,0,0,0,0,0,0,0,0,0,0,0,0,0,0,0,0,0,0,0,0,0,0,0,0,0,0,0,0,0,0,0,0,0,0
Assembly,XanaduAI/blackbird,5,3,0,0,9,0,204,0,572,0,1,0,0,0,0,0,0,0,0,0,0,0,0,0,0,0,0,0,0,0,0,0,0,0,0,0,0,0,0,0,0,0,0,0,0,0
Assembly,XanaduAI/blackbird,5,130,0,0,1,0,52,0,272,0,1,0,0,0,0,0,0,0,0,0,0,0,0,0,0,0,0,0,0,0,0,0,0,0,0,0,0,0,0,0,0,0,0,0,0,0
Assembly,XanaduAI/blackbird,5,5,10,50,12,2,711,26,1551,1548,1,1,0,10,0,1,0,0,10,0,0,0,0,0,0,0,0,0,0,0,0,0,0,0,0,0,0,0,0,0,10,0,0,0,0,0
Assembly,XanaduAI/blackbird,5,7,0,0,5,0,169,0,281,0,1,0,0,0,0,0,0,0,0,0,0,0,0,0,0,0,0,0,0,0,0,0,0,0,0,0,0,0,0,0,0,0,0,0,0,0
Assembly,XanaduAI/blackbird,5,8,0,0,4,0,254,0,322,0,1,0,0,0,0,0,0,0,0,0,0,0,0,0,0,0,0,0,0,0,0,0,0,0,0,0,0,0,0,0,0,0,0,0,0,0
Assembly,XanaduAI/blackbird,5,9,0,0,4,0,208,0,354,0,1,0,0,0,0,0,0,0,0,0,0,0,0,0,0,0,0,0,0,0,0,0,0,0,0,0,0,0,0,0,0,0,0,0,0,0
Assembly,XanaduAI/blackbird,5,10,10,75,10,2,2911,529,5850,2802,1,1,0,10,0,1,0,0,5,0,0,0,0,0,0,0,0,0,0,0,0,0,0,0,0,0,0,0,0,0,10,0,0,0,0,0
Assembly,XanaduAI/blackbird,5,11,0,0,4,0,254,0,322,0,1,0,0,0,0,0,0,0,0,0,0,0,0,0,0,0,0,0,0,0,0,0,0,0,0,0,0,0,0,0,0,0,0,0,0,0
Assembly,XanaduAI/blackbird,5,12,413,1568,13,3,9275,1511,16808,838703,1,1,0,413,0,1,0,0,5,0,0,0,0,0,0,0,0,0,166,5,0,0,0,0,0,0,0,0,0,15,181,0,0,0,0,46
Assembly,XanaduAI/blackbird,5,520,0,0,1,0,34,0,157,0,1,0,0,0,0,0,0,0,0,0,0,0,0,0,0,0,0,0,0,0,0,0,0,0,0,0,0,0,0,0,0,0,0,0,0,0
Assembly,XanaduAI/blackbird,5,14,0,0,0,0,0,0,14,0,0,0,0,0,0,0,0,0,0,0,0,0,0,0,0,0,0,0,0,0,0,0,0,0,0,0,0,0,0,0,0,0,0,0,0,0
Assembly,XanaduAI/blackbird,5,15,0,0,3,0,35,0,252,0,1,0,0,0,0,0,0,0,0,0,0,0,0,0,0,0,0,0,0,0,0,0,0,0,0,0,0,0,0,0,0,0,0,0,0,0
Assembly,XanaduAI/blackbird,5,16,0,0,3,0,1268,0,1940,0,1,0,0,0,0,0,0,0,0,0,0,0,0,0,0,0,0,0,0,0,0,0,0,0,0,0,0,0,0,0,0,0,0,0,0,0
Assembly,XanaduAI/blackbird,5,17,0,0,3,0,26,0,88,0,1,0,0,0,0,0,0,0,0,0,0,0,0,0,0,0,0,0,0,0,0,0,0,0,0,0,0,0,0,0,0,0,0,0,0,0
Assembly,XanaduAI/blackbird,5,18,0,0,0,0,0,0,14,0,0,0,0,0,0,0,0,0,0,0,0,0,0,0,0,0,0,0,0,0,0,0,0,0,0,0,0,0,0,0,0,0,0,0,0,0
Assembly,XanaduAI/blackbird,5,19,0,0,3,0,35,0,238,0,1,0,0,0,0,0,0,0,0,0,0,0,0,0,0,0,0,0,0,0,0,0,0,0,0,0,0,0,0,0,0,0,0,0,0,0
Assembly,XanaduAI/blackbird,5,20,0,0,4,0,2902,0,5733,0,1,0,0,0,0,0,0,0,0,0,0,0,0,0,0,0,0,0,0,0,0,0,0,0,0,0,0,0,0,0,0,0,0,0,0,0
Assembly,XanaduAI/blackbird,5,21,0,0,4,0,255,0,889,0,1,0,0,0,0,0,0,0,0,0,0,0,0,0,0,0,0,0,0,0,0,0,0,0,0,0,0,0,0,0,0,0,0,0,0,0
Assembly,XanaduAI/blackbird,5,22,0,0,12,3,126,13,422,0,1,0,0,0,0,0,0,0,0,0,0,0,0,0,0,0,0,0,0,0,0,0,0,0,0,0,0,0,0,0,0,0,0,0,0,0
Assembly,XanaduAI/blackbird,5,23,0,0,8,2,577,184,1247,0,1,0,0,0,0,0,0,0,0,0,0,0,0,0,0,0,0,0,0,0,0,0,0,0,0,0,0,0,0,0,0,0,0,0,0,0
Assembly,XanaduAI/blackbird,5,24,0,0,8,2,131,11,506,0,1,0,0,0,0,0,0,0,0,0,0,0,0,0,0,0,0,0,0,0,0,0,0,0,0,0,0,0,0,0,0,0,0,0,0,0
Assembly,XanaduAI/blackbird,5,25,0,0,8,2,577,184,1247,0,1,0,0,0,0,0,0,0,0,0,0,0,0,0,0,0,0,0,0,0,0,0,0,0,0,0,0,0,0,0,0,0,0,0,0,0
Assembly,XanaduAI/blackbird,5,404,42,254,11,5,1434,389,2043,22220,1,1,0,42,0,1,0,0,4,0,0,0,0,0,0,0,0,0,22,0,0,0,0,0,0,0,0,0,0,0,8,0,12,0,0,0
Assembly,XanaduAI/blackbird,5,164,0,0,0,0,0,0,36,0,0,0,0,0,0,0,0,0,0,0,0,0,0,0,0,0,0,0,0,0,0,0,0,0,0,0,0,0,0,0,0,0,0,0,0,0
Assembly,XanaduAI/blackbird,5,165,0,0,1,0,0,0,961,0,1,0,0,0,0,0,0,0,0,0,0,0,0,0,0,0,0,0,0,0,0,0,0,0,0,0,0,0,0,0,0,0,0,0,0,0
Assembly,XanaduAI/blackbird,5,172,0,0,1,0,0,0,5759,0,1,0,0,0,0,0,0,0,0,0,0,0,0,0,0,0,0,0,0,0,0,0,0,0,0,0,0,0,0,0,0,0,0,0,0,0
Assembly,XanaduAI/blackbird,5,177,0,0,1,0,31,0,148,0,1,0,0,0,0,0,0,0,0,0,0,0,0,0,0,0,0,0,0,0,0,0,0,0,0,0,0,0,0,0,0,0,0,0,0,0
Assembly,XanaduAI/blackbird,5,569,4,20,1,0,388,0,463,1252,1,1,0,4,0,1,0,0,4,0,0,0,0,0,0,0,0,0,4,0,0,0,0,0,0,0,0,0,0,0,0,0,0,0,0,0
Assembly,XanaduAI/blackbird,5,570,24,260,1,0,242,0,259,2586,1,1,0,24,0,1,4,0,0,0,0,0,0,0,4,0,0,0,0,0,0,0,0,0,0,0,0,0,0,8,12,0,0,0,0,0
Assembly,XanaduAI/blackbird,5,188,11,232,9,1,409,5,634,2020,1,1,0,11,0,1,0,5,0,0,0,0,0,0,0,0,0,0,0,0,0,0,0,0,0,0,0,0,0,11,0,0,0,0,0,0
Assembly,XanaduAI/blackbird,5,189,19,141,5,2,367,2,370,2225,1,1,0,19,0,1,4,1,0,0,0,0,0,0,8,0,0,0,1,0,0,0,0,0,0,0,0,0,0,5,5,0,0,0,0,0
Assembly,XanaduAI/blackbird,5,71,0,0,6,0,576,0,1813,0,1,0,0,0,0,0,0,0,0,0,0,0,0,0,0,0,0,0,0,0,0,0,0,0,0,0,0,0,0,0,0,0,0,0,0,0
Assembly,XanaduAI/blackbird,5,330,0,0,1,0,12,0,12,0,1,0,0,0,0,0,0,0,0,0,0,0,0,0,0,0,0,0,0,0,0,0,0,0,0,0,0,0,0,0,0,0,0,0,0,0
Assembly,XanaduAI/blackbird,5,332,0,0,1,0,20,0,70,0,1,0,0,0,0,0,0,0,0,0,0,0,0,0,0,0,0,0,0,0,0,0,0,0,0,0,0,0,0,0,0,0,0,0,0,0
Assembly,XanaduAI/blackbird,5,398,8,68,5,2,712,17,897,3574,1,1,0,8,0,1,0,4,0,0,0,0,0,0,0,0,0,0,0,0,0,0,0,0,0,0,0,0,0,0,4,0,4,0,0,0
Assembly,XanaduAI/blackbird,5,467,0,0,2,0,83,0,124,0,1,0,0,0,0,0,0,0,0,0,0,0,0,0,0,0,0,0,0,0,0,0,0,0,0,0,0,0,0,0,0,0,0,0,0,0
Assembly,XanaduAI/blackbird,5,88,0,0,3,0,29,0,52,0,1,0,0,0,0,0,0,0,0,0,0,0,0,0,0,0,0,0,0,0,0,0,0,0,0,0,0,0,0,0,0,0,0,0,0,0
Assembly,XanaduAI/blackbird,5,89,0,0,4,0,47,0,151,0,1,0,0,0,0,0,0,0,0,0,0,0,0,0,0,0,0,0,0,0,0,0,0,0,0,0,0,0,0,0,0,0,0,0,0,0
Assembly,XanaduAI/blackbird,5,91,0,0,0,0,0,0,7,0,0,0,0,0,0,0,0,0,0,0,0,0,0,0,0,0,0,0,0,0,0,0,0,0,0,0,0,0,0,0,0,0,0,0,0,0
Assembly,XanaduAI/blackbird,5,92,0,0,1,0,8,0,140,0,1,0,0,0,0,0,0,0,0,0,0,0,0,0,0,0,0,0,0,0,0,0,0,0,0,0,0,0,0,0,0,0,0,0,0,0
Assembly,XanaduAI/blackbird,5,95,0,0,0,0,0,0,7,0,0,0,0,0,0,0,0,0,0,0,0,0,0,0,0,0,0,0,0,0,0,0,0,0,0,0,0,0,0,0,0,0,0,0,0,0
Assembly,XanaduAI/blackbird,5,96,0,0,1,0,6,0,86,0,1,0,0,0,0,0,0,0,0,0,0,0,0,0,0,0,0,0,0,0,0,0,0,0,0,0,0,0,0,0,0,0,0,0,0,0
Assembly,XanaduAI/blackbird,5,352,0,0,0,0,0,0,428,0,0,0,0,0,0,0,0,0,0,0,0,0,0,0,0,0,0,0,0,0,0,0,0,0,0,0,0,0,0,0,0,0,0,0,0,0
Assembly,XanaduAI/blackbird,5,607,0,0,0,0,0,0,25,0,0,0,0,0,0,0,0,0,0,0,0,0,0,0,0,0,0,0,0,0,0,0,0,0,0,0,0,0,0,0,0,0,0,0,0,0
Assembly,XanaduAI/blackbird,5,100,28,267,12,6,990,185,2314,7647,1,1,0,28,0,1,4,1,0,0,0,0,0,0,9,0,0,0,0,0,0,0,0,0,0,0,11,0,0,8,0,0,0,0,0,0
Assembly,XanaduAI/blackbird,5,102,0,0,2,1,37,2,39,0,1,0,0,0,0,0,0,0,0,0,0,0,0,0,0,0,0,0,0,0,0,0,0,0,0,0,0,0,0,0,0,0,0,0,0,0
Assembly,XanaduAI/blackbird,5,104,0,0,2,0,33,0,33,0,1,0,0,0,0,0,0,0,0,0,0,0,0,0,0,0,0,0,0,0,0,0,0,0,0,0,0,0,0,0,0,0,0,0,0,0
Assembly,XanaduAI/blackbird,5,107,0,0,1,0,201,0,201,0,1,0,0,0,0,0,0,0,0,0,0,0,0,0,0,0,0,0,0,0,0,0,0,0,0,0,0,0,0,0,0,0,0,0,0,0
Assembly,XanaduAI/blackbird,5,108,0,0,1,0,7,0,7,0,1,0,0,0,0,0,0,0,0,0,0,0,0,0,0,0,0,0,0,0,0,0,0,0,0,0,0,0,0,0,0,0,0,0,0,0
Assembly,XanaduAI/blackbird,5,110,5,25,2,3,72,13,99,231,1,1,0,5,0,1,5,0,0,0,0,0,0,0,0,0,0,0,5,0,0,0,0,0,0,0,0,0,0,0,0,0,0,0,0,0
Assembly,XanaduAI/blackbird,5,112,0,0,8,1,162,0,261,0,1,0,0,0,0,0,0,0,0,0,0,0,0,0,0,0,0,0,0,0,0,0,0,0,0,0,0,0,0,0,0,0,0,0,0,0
Assembly,XanaduAI/blackbird,5,113,0,0,0,1,0,19,31,0,0,0,0,0,0,0,0,0,0,0,0,0,0,0,0,0,0,0,0,0,0,0,0,0,0,0,0,0,0,0,0,0,0,0,0,0
Assembly,XanaduAI/blackbird,5,496,0,0,0,1,0,18,18,0,0,0,0,0,0,0,0,0,0,0,0,0,0,0,0,0,0,0,0,0,0,0,0,0,0,0,0,0,0,0,0,0,0,0,0,0
Assembly,XanaduAI/blackbird,5,501,12,242,4,2,395,8,639,2232,1,1,0,12,0,1,0,4,0,0,0,0,0,0,0,0,0,0,0,0,0,0,0,0,0,0,0,0,0,8,4,0,0,0,0,0
Assembly,XanaduAI/blackbird,5,503,2,10,4,4,462,59,661,648,1,1,0,2,0,1,0,0,1,0,0,0,0,0,0,0,0,0,2,0,0,0,0,0,0,0,0,0,0,0,0,0,0,0,0,0
Assembly,XanaduAI/blackbird,5,378,0,0,0,0,0,0,748,0,0,0,0,0,0,0,0,0,0,0,0,0,0,0,0,0,0,0,0,0,0,0,0,0,0,0,0,0,0,0,0,0,0,0,0,0
Assembly,XanaduAI/blackbird,5,379,0,0,0,0,0,0,120,0,0,0,0,0,0,0,0,0,0,0,0,0,0,0,0,0,0,0,0,0,0,0,0,0,0,0,0,0,0,0,0,0,0,0,0,0
Assembly,BBN-Q/pyqgl2,10,5,0,0,0,0,0,0,73,0,0,0,0,0,0,0,0,0,0,0,0,0,0,0,0,0,0,0,0,0,0,0,0,0,0,0,0,0,0,0,0,0,0,0,0,0
Assembly,BBN-Q/pyqgl2,10,8,26,129,16,7,460,214,514,1246,1,1,0,26,0,1,5,3,2,0,0,0,0,0,0,0,0,0,0,0,0,11,0,0,0,0,0,0,0,0,15,0,0,0,0,0
Assembly,BBN-Q/pyqgl2,10,9,42,222,8,9,593,349,941,5850,1,1,1,41,1,1,1,8,1,0,0,0,0,0,9,0,0,0,9,0,0,1,0,0,0,0,8,0,0,0,7,0,8,0,0,0
Assembly,BBN-Q/pyqgl2,10,10,190,1648,17,12,1598,512,4516,97090,1,1,40,150,1,1,10,0,0,0,0,0,0,0,0,0,0,0,70,0,0,0,0,0,0,0,0,0,0,30,30,0,10,0,10,0
Assembly,BBN-Q/pyqgl2,10,1034,46,427,0,0,0,0,1318,8620,0,1,24,22,1,1,0,0,5,2,0,0,0,0,0,0,0,0,7,0,0,0,0,0,0,0,0,0,0,7,2,0,2,0,4,0
Assembly,BBN-Q/pyqgl2,10,12,4,40,3,1,32,7,64,56,1,1,4,0,1,0,0,0,0,1,0,0,0,0,0,0,0,0,0,0,0,0,0,0,0,0,0,0,0,0,0,0,0,0,0,0
Assembly,BBN-Q/pyqgl2,10,13,76,710,5,1,56,8,120,1557,1,1,46,30,1,1,0,0,0,10,0,0,0,0,0,0,0,0,20,10,0,0,0,0,0,0,0,0,0,0,0,0,0,0,0,0
Assembly,BBN-Q/pyqgl2,10,1035,91,952,0,0,0,0,444,18200,0,1,56,35,1,1,0,0,0,7,0,0,0,0,0,0,0,0,0,0,0,0,0,0,0,0,0,0,0,14,7,0,0,0,0,14
Assembly,BBN-Q/pyqgl2,10,1036,49,420,0,0,0,0,255,10290,0,1,35,14,1,1,0,0,0,7,0,0,0,0,0,0,0,0,14,0,0,0,0,0,0,0,0,0,0,0,0,0,0,0,0,0
Assembly,BBN-Q/pyqgl2,10,529,0,0,1,0,210,0,420,0,1,0,0,0,0,0,0,0,0,0,0,0,0,0,0,0,0,0,0,0,0,0,0,0,0,0,0,0,0,0,0,0,0,0,0,0
Assembly,BBN-Q/pyqgl2,10,530,0,0,5,1,432,143,1005,0,1,0,0,0,0,0,0,0,0,0,0,0,0,0,0,0,0,0,0,0,0,0,0,0,0,0,0,0,0,0,0,0,0,0,0,0
Assembly,BBN-Q/pyqgl2,10,531,0,0,8,1,1213,174,1138,0,1,0,0,0,0,0,0,0,0,0,0,0,0,0,0,0,0,0,0,0,0,0,0,0,0,0,0,0,0,0,0,0,0,0,0,0
Assembly,BBN-Q/pyqgl2,10,1555,5,50,5,2,92,18,97,280,1,1,5,0,1,0,0,0,0,5,0,0,0,0,0,0,0,0,0,0,0,0,0,0,0,0,0,0,0,0,0,0,0,0,0,0
Assembly,BBN-Q/pyqgl2,10,533,0,0,6,1,1708,92,5688,0,1,0,0,0,0,0,0,0,0,0,0,0,0,0,0,0,0,0,0,0,0,0,0,0,0,0,0,0,0,0,0,0,0,0,0,0
Assembly,BBN-Q/pyqgl2,10,22,0,0,1,1,22,22,56,0,1,0,0,0,0,0,0,0,0,0,0,0,0,0,0,0,0,0,0,0,0,0,0,0,0,0,0,0,0,0,0,0,0,0,0,0
Assembly,BBN-Q/pyqgl2,10,1047,44,279,1,0,2,0,164,2508,1,1,0,44,0,1,0,0,7,0,0,0,0,0,0,0,0,0,0,0,0,0,0,0,0,0,0,0,0,7,37,0,0,0,0,0
Assembly,BBN-Q/pyqgl2,10,24,40,390,4,4,156,124,466,3696,1,1,10,30,1,1,10,0,0,0,0,0,0,0,0,0,0,0,10,10,0,0,0,0,0,0,0,0,0,10,0,0,0,0,0,0
Assembly,BBN-Q/pyqgl2,10,1557,40,156,2,0,108,0,114,3040,1,1,0,40,0,1,0,0,4,0,0,0,0,0,0,0,0,0,8,0,0,4,0,0,0,0,0,0,0,0,24,0,4,0,0,0
Assembly,BBN-Q/pyqgl2,10,540,0,0,0,0,0,0,703,0,0,0,0,0,0,0,0,0,0,0,0,0,0,0,0,0,0,0,0,0,0,0,0,0,0,0,0,0,0,0,0,0,0,0,0,0
Assembly,BBN-Q/pyqgl2,10,29,20,160,0,0,0,0,534,1926,0,1,0,20,0,1,10,0,0,0,0,0,0,0,0,0,0,0,10,0,0,0,0,0,0,0,0,0,0,10,0,0,0,0,0,0
Assembly,BBN-Q/pyqgl2,10,1054,0,0,0,0,0,0,36,0,0,0,0,0,0,0,0,0,0,0,0,0,0,0,0,0,0,0,0,0,0,0,0,0,0,0,0,0,0,0,0,0,0,0,0,0
Assembly,BBN-Q/pyqgl2,10,543,0,0,0,0,0,0,112,0,0,0,0,0,0,0,0,0,0,0,0,0,0,0,0,0,0,0,0,0,0,0,0,0,0,0,0,0,0,0,0,0,0,0,0,0
Assembly,BBN-Q/pyqgl2,10,1055,0,0,0,0,0,0,38,0,0,0,0,0,0,0,0,0,0,0,0,0,0,0,0,0,0,0,0,0,0,0,0,0,0,0,0,0,0,0,0,0,0,0,0,0
Assembly,BBN-Q/pyqgl2,10,1056,0,0,0,0,0,0,42,0,0,0,0,0,0,0,0,0,0,0,0,0,0,0,0,0,0,0,0,0,0,0,0,0,0,0,0,0,0,0,0,0,0,0,0,0
Assembly,BBN-Q/pyqgl2,10,34,0,0,3,1,11,1,58,0,1,0,0,0,0,0,0,0,0,0,0,0,0,0,0,0,0,0,0,0,0,0,0,0,0,0,0,0,0,0,0,0,0,0,0,0
Assembly,BBN-Q/pyqgl2,10,1057,0,0,0,0,0,0,56,0,0,0,0,0,0,0,0,0,0,0,0,0,0,0,0,0,0,0,0,0,0,0,0,0,0,0,0,0,0,0,0,0,0,0,0,0
Assembly,BBN-Q/pyqgl2,10,36,175,1245,26,20,2392,751,3813,99584,1,1,19,156,1,1,10,0,0,0,0,0,0,0,2,0,0,0,45,10,0,0,0,0,0,0,54,0,0,29,18,0,8,0,0,0
Assembly,BBN-Q/pyqgl2,10,1058,0,0,0,0,0,0,58,0,0,0,0,0,0,0,0,0,0,0,0,0,0,0,0,0,0,0,0,0,0,0,0,0,0,0,0,0,0,0,0,0,0,0,0,0
Assembly,BBN-Q/pyqgl2,10,1060,0,0,0,0,0,0,54,0,0,0,0,0,0,0,0,0,0,0,0,0,0,0,0,0,0,0,0,0,0,0,0,0,0,0,0,0,0,0,0,0,0,0,0,0
Assembly,BBN-Q/pyqgl2,10,1061,0,0,0,0,0,0,46,0,0,0,0,0,0,0,0,0,0,0,0,0,0,0,0,0,0,0,0,0,0,0,0,0,0,0,0,0,0,0,0,0,0,0,0,0
Assembly,BBN-Q/pyqgl2,10,1062,0,0,0,0,0,0,52,0,0,0,0,0,0,0,0,0,0,0,0,0,0,0,0,0,0,0,0,0,0,0,0,0,0,0,0,0,0,0,0,0,0,0,0,0
Assembly,BBN-Q/pyqgl2,10,1063,0,0,0,0,0,0,58,0,0,0,0,0,0,0,0,0,0,0,0,0,0,0,0,0,0,0,0,0,0,0,0,0,0,0,0,0,0,0,0,0,0,0,0,0
Assembly,BBN-Q/pyqgl2,10,1064,0,0,0,0,0,0,58,0,0,0,0,0,0,0,0,0,0,0,0,0,0,0,0,0,0,0,0,0,0,0,0,0,0,0,0,0,0,0,0,0,0,0,0,0
Assembly,BBN-Q/pyqgl2,10,1065,0,0,0,0,0,0,58,0,0,0,0,0,0,0,0,0,0,0,0,0,0,0,0,0,0,0,0,0,0,0,0,0,0,0,0,0,0,0,0,0,0,0,0,0
Assembly,BBN-Q/pyqgl2,10,1066,0,0,0,0,0,0,58,0,0,0,0,0,0,0,0,0,0,0,0,0,0,0,0,0,0,0,0,0,0,0,0,0,0,0,0,0,0,0,0,0,0,0,0,0
Assembly,BBN-Q/pyqgl2,10,45,99,527,16,11,818,336,2645,23849,1,1,8,91,1,1,0,0,10,0,0,0,0,0,0,0,0,0,32,0,0,0,0,0,0,0,0,0,0,12,47,0,0,0,0,0
Assembly,BBN-Q/pyqgl2,10,1573,20,100,4,1,70,14,74,800,1,1,10,10,1,1,0,0,5,0,0,0,0,0,0,0,0,0,10,10,0,0,0,0,0,0,0,0,0,0,0,0,0,0,0,0
Assembly,BBN-Q/pyqgl2,10,1574,32,124,2,0,60,0,60,1472,1,1,0,32,0,1,0,0,4,0,0,0,0,0,0,0,0,0,8,0,0,4,0,0,0,0,0,0,0,0,16,0,4,0,0,0
Assembly,BBN-Q/pyqgl2,10,1578,20,200,3,2,32,10,40,360,1,1,5,15,1,1,5,0,0,0,0,0,0,0,0,0,0,0,0,0,0,0,0,0,0,0,0,0,0,0,15,0,0,0,0,0
Assembly,BBN-Q/pyqgl2,10,1579,16,56,1,0,32,0,32,368,1,1,0,16,0,1,0,0,4,0,0,0,0,0,0,0,0,0,4,0,0,4,0,0,0,0,0,0,0,0,8,0,0,0,0,0
Assembly,BBN-Q/pyqgl2,10,1078,36,360,10,4,209,93,304,1864,1,1,0,36,0,1,7,0,0,0,0,0,0,0,0,0,0,0,0,0,0,0,0,0,0,0,0,0,0,0,36,0,0,0,0,0
Assembly,BBN-Q/pyqgl2,10,572,0,0,7,1,733,152,689,0,1,0,0,0,0,0,0,0,0,0,0,0,0,0,0,0,0,0,0,0,0,0,0,0,0,0,0,0,0,0,0,0,0,0,0,0
Assembly,BBN-Q/pyqgl2,10,574,19,115,11,3,200,21,236,394,1,1,0,19,0,1,0,0,7,0,0,0,0,0,0,0,0,0,7,0,0,0,0,0,0,0,0,0,0,0,12,0,0,0,0,0
Assembly,BBN-Q/pyqgl2,10,575,74,510,30,9,687,298,736,4514,1,1,3,71,1,1,4,0,0,3,0,0,0,0,0,0,0,0,0,0,0,0,0,0,0,0,0,0,0,0,71,0,0,0,0,0
Assembly,BBN-Q/pyqgl2,10,576,0,0,6,1,449,88,537,0,1,0,0,0,0,0,0,0,0,0,0,0,0,0,0,0,0,0,0,0,0,0,0,0,0,0,0,0,0,0,0,0,0,0,0,0
Assembly,BBN-Q/pyqgl2,10,1089,378,946,33,16,2031,854,2947,240894,1,1,0,378,0,1,0,0,6,0,0,0,0,0,0,0,0,0,16,0,0,2,0,0,0,0,0,0,0,0,348,0,12,0,0,0
Assembly,BBN-Q/pyqgl2,10,1605,90,855,0,0,0,0,454,14850,0,1,60,30,1,1,0,0,0,5,0,0,0,0,0,0,0,0,5,0,0,0,0,0,0,0,0,0,0,5,5,0,5,0,10,0
Assembly,BBN-Q/pyqgl2,10,584,48,187,2,3,1115,62,1228,18384,1,1,0,48,0,1,0,0,1,0,0,0,0,0,0,0,0,0,0,0,0,0,0,0,0,0,0,0,0,5,43,0,0,0,0,0
Assembly,BBN-Q/pyqgl2,10,587,61,225,20,8,376,73,422,1912,1,1,1,60,1,1,7,0,0,0,0,0,0,0,0,0,0,0,3,0,0,0,0,0,0,0,0,0,0,0,57,0,0,0,0,0
Assembly,BBN-Q/pyqgl2,10,1611,0,0,0,0,0,0,201,0,0,0,0,0,0,0,0,0,0,0,0,0,0,0,0,0,0,0,0,0,0,0,0,0,0,0,0,0,0,0,0,0,0,0,0,0
Assembly,BBN-Q/pyqgl2,10,589,24,110,13,7,142,31,190,672,1,1,1,23,1,1,7,0,0,0,0,0,0,0,0,0,0,0,0,0,0,0,0,0,0,0,0,0,0,0,23,0,0,0,0,0
Assembly,BBN-Q/pyqgl2,10,590,48,228,13,7,192,87,386,2026,1,1,4,44,1,1,5,0,0,2,0,0,0,0,0,0,0,0,2,0,0,0,0,0,0,0,0,0,0,0,42,0,0,0,0,0
Assembly,BBN-Q/pyqgl2,10,591,0,0,5,1,529,151,680,0,1,0,0,0,0,0,0,0,0,0,0,0,0,0,0,0,0,0,0,0,0,0,0,0,0,0,0,0,0,0,0,0,0,0,0,0
Assembly,BBN-Q/pyqgl2,10,592,0,0,5,1,536,136,672,0,1,0,0,0,0,0,0,0,0,0,0,0,0,0,0,0,0,0,0,0,0,0,0,0,0,0,0,0,0,0,0,0,0,0,0,0
Assembly,BBN-Q/pyqgl2,10,593,0,0,5,1,461,141,602,0,1,0,0,0,0,0,0,0,0,0,0,0,0,0,0,0,0,0,0,0,0,0,0,0,0,0,0,0,0,0,0,0,0,0,0,0
Assembly,BBN-Q/pyqgl2,10,594,0,0,5,1,558,77,635,0,1,0,0,0,0,0,0,0,0,0,0,0,0,0,0,0,0,0,0,0,0,0,0,0,0,0,0,0,0,0,0,0,0,0,0,0
Assembly,BBN-Q/pyqgl2,10,595,0,0,6,1,592,103,695,0,1,0,0,0,0,0,0,0,0,0,0,0,0,0,0,0,0,0,0,0,0,0,0,0,0,0,0,0,0,0,0,0,0,0,0,0
Assembly,BBN-Q/pyqgl2,10,1104,0,0,0,0,0,0,3,0,0,0,0,0,0,0,0,0,0,0,0,0,0,0,0,0,0,0,0,0,0,0,0,0,0,0,0,0,0,0,0,0,0,0,0,0
Assembly,BBN-Q/pyqgl2,10,1105,124,582,17,12,967,544,1769,29094,1,1,0,124,0,1,0,0,6,0,0,0,0,0,0,0,0,0,6,0,0,0,0,0,0,0,8,0,0,6,100,0,0,0,0,0
Assembly,BBN-Q/pyqgl2,10,1110,18,54,6,4,111,52,168,762,1,1,0,18,0,1,0,0,6,0,0,0,0,0,0,0,0,0,0,0,0,6,0,0,0,0,0,0,0,0,12,0,0,0,0,0
Assembly,BBN-Q/pyqgl2,10,87,0,0,2,1,5,2,10,0,1,0,0,0,0,0,0,0,0,0,0,0,0,0,0,0,0,0,0,0,0,0,0,0,0,0,0,0,0,0,0,0,0,0,0,0
Assembly,BBN-Q/pyqgl2,10,88,0,0,3,1,25,10,54,0,1,0,0,0,0,0,0,0,0,0,0,0,0,0,0,0,0,0,0,0,0,0,0,0,0,0,0,0,0,0,0,0,0,0,0,0
Assembly,BBN-Q/pyqgl2,10,89,20,100,3,1,57,13,122,452,1,1,0,20,0,1,0,0,10,0,0,0,0,0,0,0,0,0,20,0,0,0,0,0,0,0,0,0,0,0,0,0,0,0,0,0
Assembly,BBN-Q/pyqgl2,10,1618,25,142,10,7,291,168,386,3900,1,1,0,25,0,1,0,5,0,0,0,0,0,0,0,0,0,0,4,0,0,0,0,0,0,0,5,0,0,10,6,0,0,0,0,0
Assembly,BBN-Q/pyqgl2,10,91,256,2869,28,22,2510,794,4187,252393,1,1,14,242,1,1,0,0,10,0,0,0,0,0,7,0,0,0,55,38,0,0,0,0,0,0,3,0,0,64,25,0,20,0,0,30
Assembly,BBN-Q/pyqgl2,10,1123,104,338,9,4,295,99,492,9274,1,1,3,101,1,1,0,0,5,0,0,0,0,0,0,0,0,0,10,0,0,0,0,0,0,0,0,0,0,0,91,0,0,0,0,0
Assembly,BBN-Q/pyqgl2,10,612,24,120,0,0,0,0,86,432,0,1,0,24,0,1,0,0,8,0,0,0,0,0,0,0,0,0,24,0,0,0,0,0,0,0,0,0,0,0,0,0,0,0,0,0
Assembly,BBN-Q/pyqgl2,10,101,0,0,0,0,0,0,55,0,0,0,0,0,0,0,0,0,0,0,0,0,0,0,0,0,0,0,0,0,0,0,0,0,0,0,0,0,0,0,0,0,0,0,0,0
Assembly,BBN-Q/pyqgl2,10,102,263,1765,44,26,2670,468,3373,134685,1,1,4,259,1,1,4,1,5,0,0,0,0,0,0,0,0,0,41,7,0,0,0,0,0,0,11,0,0,25,169,0,8,0,0,0
Assembly,BBN-Q/pyqgl2,10,106,180,1708,1,4,924,68,1024,126342,1,1,10,170,1,1,10,0,0,0,0,0,0,0,10,0,0,0,10,30,0,0,0,0,0,0,0,0,0,20,10,0,80,0,20,0
Assembly,BBN-Q/pyqgl2,10,1130,35,100,7,4,90,22,154,840,1,1,0,35,0,1,0,0,5,0,0,0,0,0,0,0,0,0,0,0,0,0,0,0,0,0,0,0,0,0,35,0,0,0,0,0
Assembly,BBN-Q/pyqgl2,10,1144,14,35,1,1,9,7,16,98,1,1,0,14,0,1,0,0,7,0,0,0,0,0,0,0,0,0,7,0,0,0,0,0,0,0,0,0,0,0,7,0,0,0,0,0
Assembly,BBN-Q/pyqgl2,10,1658,4,20,1,1,7,19,119,288,1,1,0,4,0,1,0,0,4,0,0,0,0,0,0,0,0,0,4,0,0,0,0,0,0,0,0,0,0,0,0,0,0,0,0,0
Assembly,BBN-Q/pyqgl2,10,125,3,25,9,3,202,63,326,103,1,1,2,1,1,1,0,1,0,2,0,0,0,0,0,0,0,0,0,0,0,1,0,0,0,0,0,0,0,0,0,0,0,0,0,0
Assembly,BBN-Q/pyqgl2,10,1157,0,0,0,0,0,0,276,0,0,0,0,0,0,0,0,0,0,0,0,0,0,0,0,0,0,0,0,0,0,0,0,0,0,0,0,0,0,0,0,0,0,0,0,0
Assembly,BBN-Q/pyqgl2,10,1163,42,166,7,3,550,285,578,6024,1,1,0,42,0,1,0,0,6,0,0,0,0,0,0,0,0,0,0,0,0,6,0,0,0,0,0,0,0,4,26,0,6,0,0,0
Assembly,BBN-Q/pyqgl2,10,1170,38,136,9,5,366,179,390,3880,1,1,0,38,0,1,0,0,6,0,0,0,0,0,0,0,0,0,2,0,0,6,0,0,0,0,0,0,0,0,24,0,6,0,0,0
Assembly,BBN-Q/pyqgl2,10,164,0,0,3,1,41,12,84,0,1,0,0,0,0,0,0,0,0,0,0,0,0,0,0,0,0,0,0,0,0,0,0,0,0,0,0,0,0,0,0,0,0,0,0,0
Assembly,BBN-Q/pyqgl2,10,165,24,210,3,1,40,12,86,450,1,1,2,22,1,1,9,0,0,1,0,0,0,0,0,0,0,0,0,0,0,6,0,0,0,0,0,0,0,0,16,0,0,0,0,0
Assembly,BBN-Q/pyqgl2,10,166,0,0,2,1,12,2,28,0,1,0,0,0,0,0,0,0,0,0,0,0,0,0,0,0,0,0,0,0,0,0,0,0,0,0,0,0,0,0,0,0,0,0,0,0
Assembly,BBN-Q/pyqgl2,10,1188,0,0,6,2,48,15,79,0,1,0,0,0,0,0,0,0,0,0,0,0,0,0,0,0,0,0,0,0,0,0,0,0,0,0,0,0,0,0,0,0,0,0,0,0
Assembly,BBN-Q/pyqgl2,10,168,79,665,3,1,73,17,156,2592,1,1,0,79,0,1,0,0,10,0,0,0,0,0,0,0,0,0,21,0,0,4,0,0,0,0,0,0,0,0,54,0,0,0,0,0
Assembly,BBN-Q/pyqgl2,10,1189,92,358,8,4,240,109,335,14548,1,1,0,92,0,1,0,0,6,0,0,0,0,0,0,0,0,0,8,0,0,6,0,0,0,0,0,0,0,0,72,0,6,0,0,0
Assembly,BBN-Q/pyqgl2,10,185,0,0,3,1,39,6,86,0,1,0,0,0,0,0,0,0,0,0,0,0,0,0,0,0,0,0,0,0,0,0,0,0,0,0,0,0,0,0,0,0,0,0,0,0
Assembly,BBN-Q/pyqgl2,10,1210,0,0,1,2,21,19,118,0,1,0,0,0,0,0,0,0,0,0,0,0,0,0,0,0,0,0,0,0,0,0,0,0,0,0,0,0,0,0,0,0,0,0,0,0
Assembly,BBN-Q/pyqgl2,10,187,123,613,18,6,709,28,1799,6219,1,1,7,116,1,1,9,0,0,0,0,0,0,0,0,0,0,0,25,0,0,0,0,0,0,0,0,0,0,0,84,0,7,0,0,0
Assembly,BBN-Q/pyqgl2,10,188,58,258,7,3,63,124,221,2052,1,1,0,58,0,1,7,0,2,0,0,0,0,0,0,0,0,0,22,0,0,0,0,0,0,0,0,0,0,0,36,0,0,0,0,0
Assembly,BBN-Q/pyqgl2,10,189,409,2076,13,3,319,37,1160,57349,1,1,2,407,1,1,9,0,0,0,0,0,0,0,0,0,0,0,0,0,0,0,0,0,0,0,0,0,0,46,354,0,7,0,0,0
Assembly,BBN-Q/pyqgl2,10,190,291,1060,18,5,594,31,661,21938,1,1,0,291,0,1,9,0,0,0,0,0,0,0,0,0,0,0,80,0,0,0,0,0,0,0,0,0,0,0,211,0,0,0,0,0
Assembly,BBN-Q/pyqgl2,10,191,539,2282,15,2,261,10,2041,119688,1,1,30,509,1,1,6,0,3,0,0,0,0,0,0,0,0,0,40,2,0,0,0,0,0,0,0,0,0,32,431,0,4,0,0,0
Assembly,BBN-Q/pyqgl2,10,192,272,674,18,5,386,56,618,19570,1,1,5,267,1,1,9,0,0,0,0,0,0,0,0,0,0,0,34,0,0,0,0,0,0,0,0,0,0,0,233,0,0,0,0,0
Assembly,BBN-Q/pyqgl2,10,193,670,2897,17,4,1505,112,1681,136190,1,1,25,645,1,1,9,0,0,0,0,0,0,0,0,0,0,0,129,20,0,0,0,0,0,0,0,0,0,2,494,0,0,0,0,0
Assembly,BBN-Q/pyqgl2,10,194,463,2293,25,6,1754,404,1816,76734,1,1,43,420,1,1,9,0,0,0,0,0,0,0,0,0,0,0,78,35,0,0,0,0,0,0,0,0,0,0,335,0,7,0,0,0
Assembly,BBN-Q/pyqgl2,10,195,141,522,16,5,154,17,451,8790,1,1,0,141,0,1,9,0,0,0,0,0,0,0,0,0,0,0,48,0,0,0,0,0,0,0,0,0,0,0,93,0,0,0,0,0
Assembly,BBN-Q/pyqgl2,10,196,280,1084,18,6,413,35,790,31322,1,1,8,272,1,1,9,0,0,0,0,0,0,0,0,0,0,0,66,0,0,0,0,0,0,0,0,0,0,0,206,0,0,0,0,0
Assembly,BBN-Q/pyqgl2,10,197,8,40,1,0,20,0,49,0,1,1,0,8,0,1,8,0,0,0,0,0,0,0,0,0,0,0,8,0,0,0,0,0,0,0,0,0,0,0,0,0,0,0,0,0
Assembly,BBN-Q/pyqgl2,10,198,38,98,24,6,331,66,458,821,1,1,0,38,0,1,3,0,6,0,0,0,0,0,0,0,0,0,0,0,0,0,0,0,0,0,0,0,0,2,36,0,0,0,0,0
Assembly,BBN-Q/pyqgl2,10,199,212,2084,3,4,507,566,1749,118932,1,1,0,212,0,1,0,0,4,0,0,0,0,0,0,0,0,0,200,0,0,0,0,0,0,0,0,0,0,4,0,0,8,0,0,0
Assembly,BBN-Q/pyqgl2,10,1215,21,315,0,0,0,0,144,945,0,1,0,21,0,1,7,0,0,0,0,0,0,0,0,0,0,0,0,0,0,0,0,0,0,0,0,0,0,0,0,0,0,0,0,21
Assembly,BBN-Q/pyqgl2,10,1217,14,122,8,2,340,73,949,860,1,1,0,14,0,1,6,0,0,0,0,0,0,0,0,0,0,0,0,0,0,0,0,0,0,0,0,0,0,6,8,0,0,0,0,0
Assembly,BBN-Q/pyqgl2,10,723,88,453,7,2,624,39,971,15555,1,1,0,88,0,1,0,0,8,0,0,0,0,0,0,0,0,0,9,0,0,0,0,0,0,0,5,0,0,16,55,0,0,0,3,0
Assembly,BBN-Q/pyqgl2,10,1239,0,0,1,0,3,0,6,0,1,0,0,0,0,0,0,0,0,0,0,0,0,0,0,0,0,0,0,0,0,0,0,0,0,0,0,0,0,0,0,0,0,0,0,0
Assembly,BBN-Q/pyqgl2,10,1240,70,315,2,1,49,4,96,2100,1,1,0,70,0,1,0,0,7,0,0,0,0,0,0,0,0,0,0,0,0,7,0,0,0,0,0,0,0,0,63,0,0,0,0,0
Assembly,BBN-Q/pyqgl2,10,1241,0,0,1,1,22,22,66,0,1,0,0,0,0,0,0,0,0,0,0,0,0,0,0,0,0,0,0,0,0,0,0,0,0,0,0,0,0,0,0,0,0,0,0,0
Assembly,BBN-Q/pyqgl2,10,1242,0,0,1,1,49,49,147,0,1,0,0,0,0,0,0,0,0,0,0,0,0,0,0,0,0,0,0,0,0,0,0,0,0,0,0,0,0,0,0,0,0,0,0,0
Assembly,BBN-Q/pyqgl2,10,1243,0,0,1,1,24,24,72,0,1,0,0,0,0,0,0,0,0,0,0,0,0,0,0,0,0,0,0,0,0,0,0,0,0,0,0,0,0,0,0,0,0,0,0,0
Assembly,BBN-Q/pyqgl2,10,1244,0,0,1,1,33,33,99,0,1,0,0,0,0,0,0,0,0,0,0,0,0,0,0,0,0,0,0,0,0,0,0,0,0,0,0,0,0,0,0,0,0,0,0,0
Assembly,BBN-Q/pyqgl2,10,1245,0,0,1,1,49,49,147,0,1,0,0,0,0,0,0,0,0,0,0,0,0,0,0,0,0,0,0,0,0,0,0,0,0,0,0,0,0,0,0,0,0,0,0,0
Assembly,BBN-Q/pyqgl2,10,1246,0,0,1,1,61,61,183,0,1,0,0,0,0,0,0,0,0,0,0,0,0,0,0,0,0,0,0,0,0,0,0,0,0,0,0,0,0,0,0,0,0,0,0,0
Assembly,BBN-Q/pyqgl2,10,1247,0,0,1,1,69,69,207,0,1,0,0,0,0,0,0,0,0,0,0,0,0,0,0,0,0,0,0,0,0,0,0,0,0,0,0,0,0,0,0,0,0,0,0,0
Assembly,BBN-Q/pyqgl2,10,1248,0,0,1,1,39,39,117,0,1,0,0,0,0,0,0,0,0,0,0,0,0,0,0,0,0,0,0,0,0,0,0,0,0,0,0,0,0,0,0,0,0,0,0,0
Assembly,BBN-Q/pyqgl2,10,1249,0,0,1,1,47,47,141,0,1,0,0,0,0,0,0,0,0,0,0,0,0,0,0,0,0,0,0,0,0,0,0,0,0,0,0,0,0,0,0,0,0,0,0,0
Assembly,BBN-Q/pyqgl2,10,1250,0,0,1,1,53,53,159,0,1,0,0,0,0,0,0,0,0,0,0,0,0,0,0,0,0,0,0,0,0,0,0,0,0,0,0,0,0,0,0,0,0,0,0,0
Assembly,BBN-Q/pyqgl2,10,1251,0,0,1,1,53,53,159,0,1,0,0,0,0,0,0,0,0,0,0,0,0,0,0,0,0,0,0,0,0,0,0,0,0,0,0,0,0,0,0,0,0,0,0,0
Assembly,BBN-Q/pyqgl2,10,1252,0,0,1,1,90,90,270,0,1,0,0,0,0,0,0,0,0,0,0,0,0,0,0,0,0,0,0,0,0,0,0,0,0,0,0,0,0,0,0,0,0,0,0,0
Assembly,BBN-Q/pyqgl2,10,1253,0,0,1,1,513,513,1537,0,1,0,0,0,0,0,0,0,0,0,0,0,0,0,0,0,0,0,0,0,0,0,0,0,0,0,0,0,0,0,0,0,0,0,0,0
Assembly,BBN-Q/pyqgl2,10,1254,0,0,1,1,189,189,567,0,1,0,0,0,0,0,0,0,0,0,0,0,0,0,0,0,0,0,0,0,0,0,0,0,0,0,0,0,0,0,0,0,0,0,0,0
Assembly,BBN-Q/pyqgl2,10,1255,0,0,1,1,73,73,219,0,1,0,0,0,0,0,0,0,0,0,0,0,0,0,0,0,0,0,0,0,0,0,0,0,0,0,0,0,0,0,0,0,0,0,0,0
Assembly,BBN-Q/pyqgl2,10,1256,0,0,1,1,47,47,141,0,1,0,0,0,0,0,0,0,0,0,0,0,0,0,0,0,0,0,0,0,0,0,0,0,0,0,0,0,0,0,0,0,0,0,0,0
Assembly,BBN-Q/pyqgl2,10,1257,0,0,1,1,49,49,147,0,1,0,0,0,0,0,0,0,0,0,0,0,0,0,0,0,0,0,0,0,0,0,0,0,0,0,0,0,0,0,0,0,0,0,0,0
Assembly,BBN-Q/pyqgl2,10,1258,0,0,1,1,76,76,228,0,1,0,0,0,0,0,0,0,0,0,0,0,0,0,0,0,0,0,0,0,0,0,0,0,0,0,0,0,0,0,0,0,0,0,0,0
Assembly,BBN-Q/pyqgl2,10,235,137,799,14,4,736,192,932,12808,1,1,2,135,1,1,2,0,0,2,0,0,0,0,0,0,0,0,11,0,0,0,0,0,0,0,0,0,0,0,124,0,0,0,0,0
Assembly,BBN-Q/pyqgl2,10,1259,0,0,1,0,31,0,68,0,1,0,0,0,0,0,0,0,0,0,0,0,0,0,0,0,0,0,0,0,0,0,0,0,0,0,0,0,0,0,0,0,0,0,0,0
Assembly,BBN-Q/pyqgl2,10,1260,0,0,1,1,75,75,225,0,1,0,0,0,0,0,0,0,0,0,0,0,0,0,0,0,0,0,0,0,0,0,0,0,0,0,0,0,0,0,0,0,0,0,0,0
Assembly,BBN-Q/pyqgl2,10,1263,0,0,1,1,75,75,225,0,1,0,0,0,0,0,0,0,0,0,0,0,0,0,0,0,0,0,0,0,0,0,0,0,0,0,0,0,0,0,0,0,0,0,0,0
Assembly,BBN-Q/pyqgl2,10,1264,0,0,1,0,18,0,36,0,1,0,0,0,0,0,0,0,0,0,0,0,0,0,0,0,0,0,0,0,0,0,0,0,0,0,0,0,0,0,0,0,0,0,0,0
Assembly,BBN-Q/pyqgl2,10,1265,21,210,1,0,34,0,76,546,1,1,21,0,1,0,0,0,0,7,0,0,0,0,0,0,0,0,0,0,0,0,0,0,0,0,0,0,0,0,0,0,0,0,0,0
Assembly,BBN-Q/pyqgl2,10,1266,35,350,1,0,31,0,70,770,1,1,35,0,1,0,0,0,0,7,0,0,0,0,0,0,0,0,0,0,0,0,0,0,0,0,0,0,0,0,0,0,0,0,0,0
Assembly,BBN-Q/pyqgl2,10,1267,42,420,1,0,31,0,70,924,1,1,42,0,1,0,0,0,0,7,0,0,0,0,0,0,0,0,0,0,0,0,0,0,0,0,0,0,0,0,0,0,0,0,0,0
Assembly,BBN-Q/pyqgl2,10,756,96,544,0,0,0,0,1284,31488,0,1,16,80,1,1,8,0,0,0,0,0,0,0,0,0,0,0,56,0,0,8,0,0,0,0,0,0,0,8,8,0,0,0,0,0
Assembly,BBN-Q/pyqgl2,10,1268,21,175,1,0,24,0,52,336,1,1,14,7,1,1,0,0,0,7,0,0,0,0,0,0,0,0,7,0,0,0,0,0,0,0,0,0,0,0,0,0,0,0,0,0
Assembly,BBN-Q/pyqgl2,10,1269,28,245,1,0,27,0,60,532,1,1,14,14,1,1,0,0,0,7,0,0,0,0,0,0,0,0,7,0,0,0,0,0,0,0,0,0,0,0,7,0,0,0,0,0
Assembly,BBN-Q/pyqgl2,10,1271,0,0,1,1,64,64,192,0,1,0,0,0,0,0,0,0,0,0,0,0,0,0,0,0,0,0,0,0,0,0,0,0,0,0,0,0,0,0,0,0,0,0,0,0
Assembly,BBN-Q/pyqgl2,10,1272,0,0,1,1,406,406,1218,0,1,0,0,0,0,0,0,0,0,0,0,0,0,0,0,0,0,0,0,0,0,0,0,0,0,0,0,0,0,0,0,0,0,0,0,0
Assembly,BBN-Q/pyqgl2,10,1273,0,0,1,0,3,0,6,0,1,0,0,0,0,0,0,0,0,0,0,0,0,0,0,0,0,0,0,0,0,0,0,0,0,0,0,0,0,0,0,0,0,0,0,0
Assembly,BBN-Q/pyqgl2,10,251,0,0,3,1,81,10,168,0,1,0,0,0,0,0,0,0,0,0,0,0,0,0,0,0,0,0,0,0,0,0,0,0,0,0,0,0,0,0,0,0,0,0,0,0
Assembly,BBN-Q/pyqgl2,10,253,28,294,38,11,2232,1552,7741,17088,1,1,2,26,1,1,2,0,0,0,0,0,0,0,0,0,0,0,5,0,0,1,0,0,0,0,0,0,0,6,3,0,6,0,1,4
Assembly,BBN-Q/pyqgl2,10,1793,44,168,0,0,0,0,188,5720,0,1,10,34,1,1,2,0,0,0,0,0,0,0,0,0,0,0,0,0,0,0,0,0,0,0,4,0,0,0,30,0,0,0,0,0
Assembly,BBN-Q/pyqgl2,10,772,288,2011,34,21,2175,568,3367,244380,1,1,36,252,1,1,7,0,1,0,0,0,0,0,0,0,0,0,98,0,0,0,0,0,0,0,8,0,0,50,43,0,20,0,33,0
Assembly,BBN-Q/pyqgl2,10,1290,21,161,1,1,14,5,95,846,1,1,0,21,0,1,7,0,0,0,0,0,0,0,7,0,0,0,0,0,0,0,0,0,0,0,0,0,0,0,7,0,7,0,0,0
Assembly,BBN-Q/pyqgl2,10,1299,0,0,1,0,0,0,0,0,1,0,0,0,0,0,0,0,0,0,0,0,0,0,0,0,0,0,0,0,0,0,0,0,0,0,0,0,0,0,0,0,0,0,0,0
Assembly,BBN-Q/pyqgl2,10,1300,0,0,1,0,0,0,0,0,1,0,0,0,0,0,0,0,0,0,0,0,0,0,0,0,0,0,0,0,0,0,0,0,0,0,0,0,0,0,0,0,0,0,0,0
Assembly,BBN-Q/pyqgl2,10,1301,0,0,1,0,0,0,0,0,1,0,0,0,0,0,0,0,0,0,0,0,0,0,0,0,0,0,0,0,0,0,0,0,0,0,0,0,0,0,0,0,0,0,0,0
Assembly,BBN-Q/pyqgl2,10,790,24,128,0,0,0,0,378,1968,0,1,0,24,0,1,8,0,0,0,0,0,0,0,0,0,0,0,8,0,0,0,0,0,0,0,0,0,0,8,0,0,0,0,8,0
Assembly,BBN-Q/pyqgl2,10,1313,20,56,3,2,15,9,52,212,1,1,0,20,0,1,2,0,5,0,0,0,0,0,0,0,0,0,0,0,0,0,0,0,0,0,0,0,0,0,20,0,0,0,0,0
Assembly,BBN-Q/pyqgl2,10,296,9,90,3,1,57,14,136,225,1,1,9,0,1,0,0,0,0,9,0,0,0,0,0,0,0,0,0,0,0,0,0,0,0,0,0,0,0,0,0,0,0,0,0,0
Assembly,BBN-Q/pyqgl2,10,297,0,0,5,2,54,19,110,0,1,0,0,0,0,0,0,0,0,0,0,0,0,0,0,0,0,0,0,0,0,0,0,0,0,0,0,0,0,0,0,0,0,0,0,0
Assembly,BBN-Q/pyqgl2,10,298,9,90,3,1,49,12,106,180,1,1,9,0,1,0,0,0,0,9,0,0,0,0,0,0,0,0,0,0,0,0,0,0,0,0,0,0,0,0,0,0,0,0,0,0
Assembly,BBN-Q/pyqgl2,10,1332,19,53,2,1,24,4,54,152,1,1,0,19,0,1,0,0,5,0,0,0,0,0,0,0,0,0,5,0,0,0,0,0,0,0,0,0,0,0,14,0,0,0,0,0
Assembly,BBN-Q/pyqgl2,10,1335,32,107,0,1,0,32,76,416,0,1,0,32,0,1,5,0,0,0,0,0,0,0,0,0,0,0,3,0,0,0,0,0,0,0,0,0,0,0,29,0,0,0,0,0
Assembly,BBN-Q/pyqgl2,10,829,7,7,2,1,8,29,77,28,1,1,0,7,0,1,0,0,7,0,0,0,0,0,0,0,0,0,0,0,0,0,0,0,0,0,0,0,0,0,0,0,0,0,7,0
Assembly,BBN-Q/pyqgl2,10,830,0,0,1,1,29,2,68,0,1,0,0,0,0,0,0,0,0,0,0,0,0,0,0,0,0,0,0,0,0,0,0,0,0,0,0,0,0,0,0,0,0,0,0,0
Assembly,BBN-Q/pyqgl2,10,831,0,0,1,1,33,4,80,0,1,0,0,0,0,0,0,0,0,0,0,0,0,0,0,0,0,0,0,0,0,0,0,0,0,0,0,0,0,0,0,0,0,0,0,0
Assembly,BBN-Q/pyqgl2,10,832,0,0,1,1,26,4,62,0,1,0,0,0,0,0,0,0,0,0,0,0,0,0,0,0,0,0,0,0,0,0,0,0,0,0,0,0,0,0,0,0,0,0,0,0
Assembly,BBN-Q/pyqgl2,10,833,0,0,1,1,31,6,76,0,1,0,0,0,0,0,0,0,0,0,0,0,0,0,0,0,0,0,0,0,0,0,0,0,0,0,0,0,0,0,0,0,0,0,0,0
Assembly,BBN-Q/pyqgl2,10,864,48,312,0,0,0,0,914,7344,0,1,0,48,0,1,8,0,0,0,0,0,0,0,0,0,0,0,0,0,0,0,0,0,0,0,32,0,0,8,8,0,0,0,0,0
Assembly,BBN-Q/pyqgl2,10,360,0,0,4,2,120,86,214,0,1,0,0,0,0,0,0,0,0,0,0,0,0,0,0,0,0,0,0,0,0,0,0,0,0,0,0,0,0,0,0,0,0,0,0,0
Assembly,BBN-Q/pyqgl2,10,371,27,270,4,1,67,15,148,891,1,1,27,0,1,0,0,0,0,9,0,0,0,0,0,0,0,0,0,0,0,0,0,0,0,0,0,0,0,0,0,0,0,0,0,0
Assembly,BBN-Q/pyqgl2,10,893,1802,12040,20,18,3167,1390,8176,2265764,1,1,16,1786,1,1,8,0,0,0,0,0,0,0,1,0,0,0,201,144,0,8,0,0,0,0,64,0,0,47,1296,0,0,0,25,0
Assembly,BBN-Q/pyqgl2,10,1925,0,0,0,0,0,0,406,0,0,0,0,0,0,0,0,0,0,0,0,0,0,0,0,0,0,0,0,0,0,0,0,0,0,0,0,0,0,0,0,0,0,0,0,0
Assembly,BBN-Q/pyqgl2,10,390,17,70,21,11,1076,460,1933,4056,1,1,0,17,0,1,5,4,0,0,0,0,0,0,0,0,0,0,0,0,0,0,0,0,0,0,0,0,0,0,10,0,7,0,0,0
Assembly,BBN-Q/pyqgl2,10,396,36,360,4,1,63,11,166,900,1,1,27,9,1,1,0,0,0,9,0,0,0,0,0,0,0,0,0,0,0,0,0,0,0,0,0,0,0,0,9,0,0,0,0,0
Assembly,BBN-Q/pyqgl2,10,406,0,0,1,1,76,15,200,0,1,0,0,0,0,0,0,0,0,0,0,0,0,0,0,0,0,0,0,0,0,0,0,0,0,0,0,0,0,0,0,0,0,0,0,0
Assembly,BBN-Q/pyqgl2,10,919,0,0,0,0,0,0,136,0,0,0,0,0,0,0,0,0,0,0,0,0,0,0,0,0,0,0,0,0,0,0,0,0,0,0,0,0,0,0,0,0,0,0,0,0
Assembly,BBN-Q/pyqgl2,10,920,0,0,3,2,3754,615,3786,0,1,0,0,0,0,0,0,0,0,0,0,0,0,0,0,0,0,0,0,0,0,0,0,0,0,0,0,0,0,0,0,0,0,0,0,0
Assembly,BBN-Q/pyqgl2,10,409,115,529,7,1,189,15,1100,15279,1,1,1,114,1,1,9,0,0,0,0,0,0,0,0,0,0,0,33,0,0,0,0,0,0,0,0,0,0,8,73,0,0,0,0,0
Assembly,BBN-Q/pyqgl2,10,1434,42,350,3,1,114,14,114,2340,1,1,0,42,0,1,0,0,7,0,0,0,0,0,0,0,0,0,14,0,0,0,0,0,0,0,0,0,0,0,28,0,0,0,0,0
Assembly,BBN-Q/pyqgl2,10,1435,36,126,2,1,73,17,90,1476,1,1,0,36,0,1,0,0,6,0,0,0,0,0,0,0,0,0,0,0,0,6,0,0,0,0,0,0,0,0,24,0,6,0,0,0
Assembly,BBN-Q/pyqgl2,10,924,81,626,1,0,647,0,1294,34587,1,1,2,79,1,1,1,0,0,0,0,0,0,0,0,0,0,0,7,7,0,0,0,0,0,0,0,0,0,1,64,0,0,0,0,0
Assembly,BBN-Q/pyqgl2,10,1438,42,336,3,1,131,13,131,3390,1,1,0,42,0,1,7,0,0,0,0,0,0,0,0,0,0,0,0,0,0,0,0,0,0,0,0,0,0,0,21,0,21,0,0,0
Assembly,BBN-Q/pyqgl2,10,1439,30,102,2,1,63,13,76,990,1,1,0,30,0,1,0,0,6,0,0,0,0,0,0,0,0,0,0,0,0,6,0,0,0,0,0,0,0,0,18,0,6,0,0,0
Assembly,BBN-Q/pyqgl2,10,1440,70,525,4,2,98,24,99,2290,1,1,0,70,0,1,0,0,7,0,0,0,0,0,0,0,0,0,35,0,0,0,0,0,0,0,0,0,0,0,35,0,0,0,0,0
Assembly,BBN-Q/pyqgl2,10,1441,72,300,4,3,104,31,125,3576,1,1,0,72,0,1,0,0,6,0,0,0,0,0,0,0,0,0,30,0,0,6,0,0,0,0,0,0,0,0,30,0,6,0,0,0
Assembly,BBN-Q/pyqgl2,10,1950,0,0,0,0,0,0,15,0,0,0,0,0,0,0,0,0,0,0,0,0,0,0,0,0,0,0,0,0,0,0,0,0,0,0,0,0,0,0,0,0,0,0,0,0
Assembly,BBN-Q/pyqgl2,10,421,546,3978,18,8,486,88,692,75741,1,1,2,544,1,1,9,0,0,0,0,0,0,0,0,0,0,0,15,0,0,1,0,0,0,0,0,0,0,0,528,0,0,0,0,0
Assembly,BBN-Q/pyqgl2,10,1455,35,350,4,2,155,40,155,3105,1,1,0,35,0,1,7,0,0,0,0,0,0,0,0,0,0,0,0,0,0,0,0,0,0,0,0,0,0,0,35,0,0,0,0,0
Assembly,BBN-Q/pyqgl2,10,944,2,0,1,0,2,0,96,34,1,1,0,2,0,1,2,0,0,0,0,0,0,0,0,0,0,0,0,0,0,0,0,0,0,0,0,0,0,0,2,0,0,0,0,0
Assembly,BBN-Q/pyqgl2,10,1456,42,150,3,2,112,39,133,2016,1,1,0,42,0,1,0,0,6,0,0,0,0,0,0,0,0,0,0,0,0,6,0,0,0,0,0,0,0,0,30,0,6,0,0,0
Assembly,BBN-Q/pyqgl2,10,438,0,0,0,0,0,0,49,0,0,0,0,0,0,0,0,0,0,0,0,0,0,0,0,0,0,0,0,0,0,0,0,0,0,0,0,0,0,0,0,0,0,0,0,0
Assembly,BBN-Q/pyqgl2,10,439,105,477,9,6,292,197,1382,15278,1,1,0,105,0,1,9,0,0,0,0,0,0,0,0,0,0,0,32,0,0,0,0,0,0,0,0,0,0,17,47,0,0,0,9,0
Assembly,BBN-Q/pyqgl2,10,1462,182,1694,4,2,220,6,220,19474,1,1,0,182,0,1,0,0,7,0,0,0,0,0,0,0,0,0,14,0,0,0,0,0,0,0,0,0,0,0,168,0,0,0,0,0
Assembly,BBN-Q/pyqgl2,10,1469,24,84,1,1,8,2,65,640,1,1,0,24,0,1,6,0,0,0,0,0,0,0,0,0,0,0,6,0,0,6,0,0,0,0,0,0,0,0,12,0,0,0,0,0
Assembly,BBN-Q/pyqgl2,10,1473,6,60,6,3,54,12,59,129,1,1,0,6,0,1,6,0,0,0,0,0,0,0,0,0,0,0,0,0,0,0,0,0,0,0,0,0,0,0,6,0,0,0,0,0
Assembly,BBN-Q/pyqgl2,10,700,55,550,16,5,299,111,480,3231,1,1,0,55,0,1,8,0,0,0,0,0,0,0,0,0,0,0,0,0,0,0,0,0,0,0,0,0,0,0,55,0,0,0,0,0
Assembly,BBN-Q/pyqgl2,10,1474,20,110,4,1,62,26,88,652,1,1,0,20,0,1,5,0,0,0,0,0,0,0,0,0,0,0,5,0,0,5,0,0,0,0,0,0,0,0,10,0,0,0,0,0
Assembly,BBN-Q/pyqgl2,10,1477,0,0,0,0,0,0,5,0,0,0,0,0,0,0,0,0,0,0,0,0,0,0,0,0,0,0,0,0,0,0,0,0,0,0,0,0,0,0,0,0,0,0,0,0
Assembly,BBN-Q/pyqgl2,10,456,17,170,4,1,178,68,288,467,1,1,5,12,1,1,1,2,0,1,0,0,0,0,0,0,0,0,0,8,0,0,0,0,0,0,4,0,0,0,4,0,0,0,0,0
Assembly,BBN-Q/pyqgl2,10,973,4,34,12,6,787,230,2078,1048,1,1,0,4,0,1,0,0,2,0,0,0,0,0,0,0,0,0,2,0,0,0,0,0,0,0,0,0,0,2,0,0,0,0,0,0
Assembly,BBN-Q/pyqgl2,10,1007,0,0,0,0,0,0,108,0,0,0,0,0,0,0,0,0,0,0,0,0,0,0,0,0,0,0,0,0,0,0,0,0,0,0,0,0,0,0,0,0,0,0,0,0
Assembly,BBN-Q/pyqgl2,10,504,0,0,1,0,6,0,32,0,1,0,0,0,0,0,0,0,0,0,0,0,0,0,0,0,0,0,0,0,0,0,0,0,0,0,0,0,0,0,0,0,0,0,0,0
Assembly,BBN-Q/pyqgl2,10,1019,0,0,4,2,506,112,611,0,1,0,0,0,0,0,0,0,0,0,0,0,0,0,0,0,0,0,0,0,0,0,0,0,0,0,0,0,0,0,0,0,0,0,0,0
Assembly,artiste-qb-net/qubiter,10,512,0,0,2,0,190,0,570,0,1,0,0,0,0,0,0,0,0,0,0,0,0,0,0,0,0,0,0,0,0,0,0,0,0,0,0,0,0,0,0,0,0,0,0,0
Assembly,artiste-qb-net/qubiter,10,513,0,0,2,0,47,0,141,0,1,0,0,0,0,0,0,0,0,0,0,0,0,0,0,0,0,0,0,0,0,0,0,0,0,0,0,0,0,0,0,0,0,0,0,0
Assembly,artiste-qb-net/qubiter,10,2,8,40,8,0,212,0,595,400,1,1,0,8,0,1,8,0,0,0,0,0,0,0,0,0,0,0,8,0,0,0,0,0,0,0,0,0,0,0,0,0,0,0,0,0
Assembly,artiste-qb-net/qubiter,10,3,16,80,12,1,290,4,704,1126,1,1,0,16,0,1,14,0,0,0,0,0,0,0,0,0,0,0,16,0,0,0,0,0,0,0,0,0,0,0,0,0,0,0,0,0
Assembly,artiste-qb-net/qubiter,10,4,71,600,17,3,248,238,1369,4421,1,1,52,19,1,1,0,0,5,9,0,0,0,0,0,0,0,0,0,0,0,0,0,0,0,0,0,0,0,0,19,0,0,0,0,0
Assembly,artiste-qb-net/qubiter,10,514,0,0,2,0,7,0,21,0,1,0,0,0,0,0,0,0,0,0,0,0,0,0,0,0,0,0,0,0,0,0,0,0,0,0,0,0,0,0,0,0,0,0,0,0
Assembly,artiste-qb-net/qubiter,10,6,103,560,14,7,1116,68,4494,19785,1,1,0,103,0,1,1,0,13,0,0,0,0,0,0,0,0,0,0,0,0,1,0,0,0,0,0,0,0,0,97,0,5,0,0,0
Assembly,artiste-qb-net/qubiter,10,515,0,0,2,0,14,0,42,0,1,0,0,0,0,0,0,0,0,0,0,0,0,0,0,0,0,0,0,0,0,0,0,0,0,0,0,0,0,0,0,0,0,0,0,0
Assembly,artiste-qb-net/qubiter,10,8,56,280,9,1,185,6,402,2712,1,1,0,56,0,1,0,0,14,0,0,0,0,0,0,0,0,0,0,0,0,14,0,0,0,0,0,0,0,0,42,0,0,0,0,0
Assembly,artiste-qb-net/qubiter,10,9,101,737,29,3,1873,29,7323,25295,1,1,9,92,1,1,6,0,12,5,0,0,0,0,0,0,0,0,24,0,0,0,0,0,0,0,0,0,0,14,54,0,0,0,0,0
Assembly,artiste-qb-net/qubiter,10,10,217,1442,36,7,2029,63,8461,62063,1,1,9,208,1,1,6,0,8,0,0,0,0,0,0,0,0,0,132,0,0,0,0,0,0,0,0,0,0,29,36,0,5,0,0,0
Assembly,artiste-qb-net/qubiter,10,11,899,7291,37,8,2567,90,10891,298231,1,1,167,732,1,1,18,8,13,26,0,0,0,0,0,0,0,0,144,16,0,16,0,0,0,0,12,0,0,126,418,0,0,0,0,0
Assembly,artiste-qb-net/qubiter,10,524,0,0,2,0,6,0,18,0,1,0,0,0,0,0,0,0,0,0,0,0,0,0,0,0,0,0,0,0,0,0,0,0,0,0,0,0,0,0,0,0,0,0,0,0
Assembly,artiste-qb-net/qubiter,10,516,0,0,2,0,32,0,96,0,1,0,0,0,0,0,0,0,0,0,0,0,0,0,0,0,0,0,0,0,0,0,0,0,0,0,0,0,0,0,0,0,0,0,0,0
Assembly,artiste-qb-net/qubiter,10,517,0,0,2,0,6,0,18,0,1,0,0,0,0,0,0,0,0,0,0,0,0,0,0,0,0,0,0,0,0,0,0,0,0,0,0,0,0,0,0,0,0,0,0,0
Assembly,artiste-qb-net/qubiter,10,519,0,0,2,0,42,0,126,0,1,0,0,0,0,0,0,0,0,0,0,0,0,0,0,0,0,0,0,0,0,0,0,0,0,0,0,0,0,0,0,0,0,0,0,0
Assembly,artiste-qb-net/qubiter,10,520,0,0,2,0,13,0,39,0,1,0,0,0,0,0,0,0,0,0,0,0,0,0,0,0,0,0,0,0,0,0,0,0,0,0,0,0,0,0,0,0,0,0,0,0
Assembly,artiste-qb-net/qubiter,10,521,0,0,2,0,277,0,831,0,1,0,0,0,0,0,0,0,0,0,0,0,0,0,0,0,0,0,0,0,0,0,0,0,0,0,0,0,0,0,0,0,0,0,0,0
Assembly,artiste-qb-net/qubiter,10,522,0,0,2,0,52,0,156,0,1,0,0,0,0,0,0,0,0,0,0,0,0,0,0,0,0,0,0,0,0,0,0,0,0,0,0,0,0,0,0,0,0,0,0,0
Assembly,artiste-qb-net/qubiter,10,523,0,0,2,0,109,0,327,0,1,0,0,0,0,0,0,0,0,0,0,0,0,0,0,0,0,0,0,0,0,0,0,0,0,0,0,0,0,0,0,0,0,0,0,0
Assembly,artiste-qb-net/qubiter,10,525,0,0,2,0,52,0,156,0,1,0,0,0,0,0,0,0,0,0,0,0,0,0,0,0,0,0,0,0,0,0,0,0,0,0,0,0,0,0,0,0,0,0,0,0
Assembly,artiste-qb-net/qubiter,10,526,0,0,2,0,6,0,18,0,1,0,0,0,0,0,0,0,0,0,0,0,0,0,0,0,0,0,0,0,0,0,0,0,0,0,0,0,0,0,0,0,0,0,0,0
Assembly,artiste-qb-net/qubiter,10,527,0,0,2,0,32,0,96,0,1,0,0,0,0,0,0,0,0,0,0,0,0,0,0,0,0,0,0,0,0,0,0,0,0,0,0,0,0,0,0,0,0,0,0,0
Assembly,artiste-qb-net/qubiter,10,528,0,0,2,0,4,0,12,0,1,0,0,0,0,0,0,0,0,0,0,0,0,0,0,0,0,0,0,0,0,0,0,0,0,0,0,0,0,0,0,0,0,0,0,0
Assembly,artiste-qb-net/qubiter,10,534,630,4180,2,0,140,0,420,88200,1,1,580,50,1,1,10,0,0,0,0,0,0,0,0,200,10,0,0,0,0,0,0,0,0,0,0,0,420,0,0,0,0,0,0,0
Assembly,artiste-qb-net/qubiter,10,535,10,10,2,0,29,0,87,60,1,1,10,0,1,0,10,0,0,0,0,0,0,0,0,0,0,0,0,0,0,0,0,0,0,0,0,0,0,0,0,0,0,0,0,0
Assembly,artiste-qb-net/qubiter,10,536,280,2580,2,0,27,0,81,7560,1,1,160,120,1,1,10,0,0,0,0,0,0,0,0,210,10,0,0,0,0,0,0,0,0,0,0,0,60,0,0,0,0,0,0,0
Assembly,artiste-qb-net/qubiter,10,537,60,340,2,0,61,0,183,3660,1,1,50,10,1,1,10,0,0,0,0,0,0,0,0,20,10,0,0,0,0,0,0,0,0,0,0,0,30,0,0,0,0,0,0,0
Assembly,artiste-qb-net/qubiter,10,539,50,200,2,0,29,0,87,1450,1,1,30,20,1,1,10,0,0,0,0,0,0,0,0,20,10,0,0,0,0,0,0,0,0,0,0,0,20,0,0,0,0,0,0,0
Assembly,artiste-qb-net/qubiter,10,540,80,1100,2,0,69,0,207,5520,1,1,70,10,1,1,10,0,0,0,0,0,0,0,0,60,10,0,0,0,0,0,0,0,0,0,0,0,10,0,0,0,0,0,0,0
Assembly,artiste-qb-net/qubiter,10,541,110,1400,2,0,155,0,465,17050,1,1,90,20,1,1,10,0,0,0,0,0,0,0,0,80,10,0,0,0,0,0,0,0,0,0,0,0,20,0,0,0,0,0,0,0
Assembly,artiste-qb-net/qubiter,10,543,20,50,2,0,48,0,144,960,1,1,20,0,1,0,10,0,0,0,0,0,0,0,0,0,10,0,0,0,0,0,0,0,0,0,0,0,10,0,0,0,0,0,0,0
Assembly,artiste-qb-net/qubiter,10,544,54,260,10,3,274,10,847,3396,1,1,16,38,1,1,0,0,10,0,0,0,0,0,0,0,0,0,8,0,0,0,0,0,0,0,0,0,0,0,30,0,0,0,0,0
Assembly,artiste-qb-net/qubiter,10,545,174,876,9,3,468,10,1412,32016,1,1,36,138,1,1,0,0,0,10,0,0,0,0,0,0,0,0,0,0,0,10,0,0,0,0,0,0,0,10,118,0,0,0,0,0
Assembly,artiste-qb-net/qubiter,10,546,10,50,6,0,199,0,621,496,1,1,0,10,0,1,10,0,0,0,0,0,0,0,0,0,0,0,10,0,0,0,0,0,0,0,0,0,0,0,0,0,0,0,0,0
Assembly,artiste-qb-net/qubiter,10,1533,0,0,3,0,9,0,697,0,1,0,0,0,0,0,0,0,0,0,0,0,0,0,0,0,0,0,0,0,0,0,0,0,0,0,0,0,0,0,0,0,0,0,0,0
Assembly,artiste-qb-net/qubiter,10,548,100,860,7,2,342,4,1083,12496,1,1,32,68,1,1,0,0,8,2,0,0,0,0,0,0,0,0,8,0,0,0,0,0,0,0,10,0,0,20,0,0,30,0,0,0
Assembly,artiste-qb-net/qubiter,10,549,8,45,2,0,786,0,800,1208,1,1,1,7,1,1,1,0,0,0,0,0,0,0,0,0,0,0,7,0,0,0,0,0,0,0,0,0,0,0,0,0,0,0,0,0
Assembly,artiste-qb-net/qubiter,10,1025,2,10,4,1,67,20,75,62,1,1,0,2,0,1,2,0,0,0,0,0,0,0,0,0,0,0,2,0,0,0,0,0,0,0,0,0,0,0,0,0,0,0,0,0
Assembly,artiste-qb-net/qubiter,10,1566,0,0,1,0,0,0,2062,0,1,0,0,0,0,0,0,0,0,0,0,0,0,0,0,0,0,0,0,0,0,0,0,0,0,0,0,0,0,0,0,0,0,0,0,0
Assembly,artiste-qb-net/qubiter,10,1572,5,100,4,1,167,31,438,235,1,1,0,5,0,1,5,0,0,0,0,0,0,0,0,0,0,0,0,0,0,0,0,0,0,0,0,0,0,5,0,0,0,0,0,0
Assembly,artiste-qb-net/qubiter,10,1574,45,400,5,3,176,12,398,2871,1,1,35,10,1,1,0,0,0,5,0,0,0,0,0,0,0,0,5,0,0,0,0,0,0,0,0,0,0,0,5,0,0,0,0,0
Assembly,artiste-qb-net/qubiter,10,560,0,0,10,6,1807,772,4907,0,1,0,0,0,0,0,0,0,0,0,0,0,0,0,0,0,0,0,0,0,0,0,0,0,0,0,0,0,0,0,0,0,0,0,0,0
Assembly,artiste-qb-net/qubiter,10,566,102,992,24,6,1573,133,8140,18928,1,1,42,60,1,1,0,15,0,0,0,0,0,0,0,0,0,0,0,0,0,0,0,0,0,0,0,0,0,25,15,0,20,0,0,0
Assembly,artiste-qb-net/qubiter,10,3130,0,0,0,0,0,0,270,0,0,0,0,0,0,0,0,0,0,0,0,0,0,0,0,0,0,0,0,0,0,0,0,0,0,0,0,0,0,0,0,0,0,0,0,0
Assembly,artiste-qb-net/qubiter,10,3131,0,0,2,1,117,6,1202,0,1,0,0,0,0,0,0,0,0,0,0,0,0,0,0,0,0,0,0,0,0,0,0,0,0,0,0,0,0,0,0,0,0,0,0,0
Assembly,artiste-qb-net/qubiter,10,1597,30,250,5,2,101,4,211,1080,1,1,20,10,1,1,0,0,0,5,0,0,0,0,0,0,0,0,5,0,0,0,0,0,0,0,0,0,0,0,5,0,0,0,0,0
Assembly,artiste-qb-net/qubiter,10,1598,10,75,3,0,75,0,159,200,1,1,5,5,1,1,0,0,0,5,0,0,0,0,0,0,0,0,0,0,0,0,0,0,0,0,0,0,0,0,5,0,0,0,0,0
Assembly,artiste-qb-net/qubiter,10,63,96,956,17,2,752,4,5526,12298,1,1,58,38,1,1,0,0,8,8,0,0,0,0,0,0,0,0,0,0,0,0,0,0,0,0,0,0,0,14,24,0,0,0,0,0
Assembly,artiste-qb-net/qubiter,10,1539,0,0,6,2,283,8,3204,0,1,0,0,0,0,0,0,0,0,0,0,0,0,0,0,0,0,0,0,0,0,0,0,0,0,0,0,0,0,0,0,0,0,0,0,0
Assembly,artiste-qb-net/qubiter,10,1600,41,405,5,2,429,4,1069,5904,1,1,16,25,1,1,0,0,0,5,0,0,0,0,0,0,0,0,5,5,0,0,0,0,0,0,0,0,0,5,10,0,0,0,0,0
Assembly,artiste-qb-net/qubiter,10,1601,5,50,3,0,81,0,205,125,1,1,5,0,1,0,0,0,0,5,0,0,0,0,0,0,0,0,0,0,0,0,0,0,0,0,0,0,0,0,0,0,0,0,0,0
Assembly,artiste-qb-net/qubiter,10,1602,26,290,4,2,377,4,806,4004,1,1,11,15,1,1,0,0,0,5,0,0,0,0,0,0,0,0,0,0,0,0,0,0,0,0,0,0,0,10,5,0,0,0,0,0
Assembly,artiste-qb-net/qubiter,10,1603,26,185,5,2,256,4,555,2548,1,1,11,15,1,1,0,0,0,5,0,0,0,0,0,0,0,0,10,0,0,0,0,0,0,0,0,0,0,0,5,0,0,0,0,0
Assembly,artiste-qb-net/qubiter,10,1604,65,580,4,2,175,4,382,5980,1,1,45,20,1,1,0,0,0,5,0,0,0,0,0,0,0,0,10,0,0,0,0,0,0,0,0,0,0,5,5,0,0,0,0,0
Assembly,artiste-qb-net/qubiter,10,1605,40,340,3,1,207,2,620,4040,1,1,0,40,0,1,5,0,0,0,0,0,0,0,0,0,0,0,25,0,0,0,0,0,0,0,0,0,0,10,5,0,0,0,0,0
Assembly,artiste-qb-net/qubiter,10,1607,0,0,2,0,934,0,1868,0,1,0,0,0,0,0,0,0,0,0,0,0,0,0,0,0,0,0,0,0,0,0,0,0,0,0,0,0,0,0,0,0,0,0,0,0
Assembly,artiste-qb-net/qubiter,10,587,0,0,9,6,1847,740,4658,0,1,0,0,0,0,0,0,0,0,0,0,0,0,0,0,0,0,0,0,0,0,0,0,0,0,0,0,0,0,0,0,0,0,0,0,0
Assembly,artiste-qb-net/qubiter,10,1033,51,769,11,2,1193,10,2051,11381,1,1,12,39,1,1,4,0,0,6,0,0,0,0,10,0,0,0,12,0,0,0,0,0,0,0,5,0,0,12,0,0,0,0,0,0
Assembly,artiste-qb-net/qubiter,10,1103,0,0,4,1,138,2,1036,0,1,0,0,0,0,0,0,0,0,0,0,0,0,0,0,0,0,0,0,0,0,0,0,0,0,0,0,0,0,0,0,0,0,0,0,0
Assembly,artiste-qb-net/qubiter,10,1621,0,0,3,2,392,128,2814,0,1,0,0,0,0,0,0,0,0,0,0,0,0,0,0,0,0,0,0,0,0,0,0,0,0,0,0,0,0,0,0,0,0,0,0,0
Assembly,artiste-qb-net/qubiter,10,1110,145,1070,11,3,659,54,5574,28577,1,1,24,121,1,1,5,0,0,1,0,0,0,0,0,0,0,0,21,0,0,72,0,0,0,0,0,0,0,12,5,0,10,0,0,0
Assembly,artiste-qb-net/qubiter,10,604,0,0,2,0,432,0,896,0,1,0,0,0,0,0,0,0,0,0,0,0,0,0,0,0,0,0,0,0,0,0,0,0,0,0,0,0,0,0,0,0,0,0,0,0
Assembly,artiste-qb-net/qubiter,10,1629,0,0,3,1,58,4,1058,0,1,0,0,0,0,0,0,0,0,0,0,0,0,0,0,0,0,0,0,0,0,0,0,0,0,0,0,0,0,0,0,0,0,0,0,0
Assembly,artiste-qb-net/qubiter,10,3165,0,0,1,0,772,0,2399,0,1,0,0,0,0,0,0,0,0,0,0,0,0,0,0,0,0,0,0,0,0,0,0,0,0,0,0,0,0,0,0,0,0,0,0,0
Assembly,artiste-qb-net/qubiter,10,1632,20,100,9,4,90,19,514,700,1,1,0,20,0,1,0,0,4,0,0,0,0,0,0,0,0,0,16,0,0,0,0,0,0,0,0,0,0,0,4,0,0,0,0,0
Assembly,artiste-qb-net/qubiter,10,104,11,40,16,2,541,83,1391,824,1,1,0,11,0,1,1,0,5,0,0,0,0,0,0,0,0,0,6,0,0,0,0,0,0,0,0,0,0,0,5,0,0,0,0,0
Assembly,artiste-qb-net/qubiter,10,109,0,0,1,0,98,0,196,0,1,0,0,0,0,0,0,0,0,0,0,0,0,0,0,0,0,0,0,0,0,0,0,0,0,0,0,0,0,0,0,0,0,0,0,0
Assembly,artiste-qb-net/qubiter,10,1553,0,0,5,3,645,16,1266,0,1,0,0,0,0,0,0,0,0,0,0,0,0,0,0,0,0,0,0,0,0,0,0,0,0,0,0,0,0,0,0,0,0,0,0,0
Assembly,artiste-qb-net/qubiter,10,1554,0,0,5,3,353,14,710,0,1,0,0,0,0,0,0,0,0,0,0,0,0,0,0,0,0,0,0,0,0,0,0,0,0,0,0,0,0,0,0,0,0,0,0,0
Assembly,artiste-qb-net/qubiter,10,1555,0,0,6,3,892,8,1773,0,1,0,0,0,0,0,0,0,0,0,0,0,0,0,0,0,0,0,0,0,0,0,0,0,0,0,0,0,0,0,0,0,0,0,0,0
Assembly,artiste-qb-net/qubiter,10,1556,0,0,7,4,1023,222,1989,0,1,0,0,0,0,0,0,0,0,0,0,0,0,0,0,0,0,0,0,0,0,0,0,0,0,0,0,0,0,0,0,0,0,0,0,0
Assembly,artiste-qb-net/qubiter,10,665,51,228,6,0,504,0,1166,7710,1,1,0,51,0,1,1,0,8,0,0,0,0,0,0,0,0,0,42,0,0,0,0,0,0,0,0,0,0,0,9,0,0,0,0,0
Assembly,artiste-qb-net/qubiter,10,1692,0,0,1,0,1,0,2,0,1,0,0,0,0,0,0,0,0,0,0,0,0,0,0,0,0,0,0,0,0,0,0,0,0,0,0,0,0,0,0,0,0,0,0,0
Assembly,artiste-qb-net/qubiter,10,1693,0,0,1,0,145,0,290,0,1,0,0,0,0,0,0,0,0,0,0,0,0,0,0,0,0,0,0,0,0,0,0,0,0,0,0,0,0,0,0,0,0,0,0,0
Assembly,artiste-qb-net/qubiter,10,672,62,264,9,5,1283,291,3763,15638,1,1,0,62,0,1,0,0,9,0,0,0,0,0,0,0,0,0,30,0,0,0,0,0,0,0,0,0,0,5,27,0,0,0,0,0
Assembly,artiste-qb-net/qubiter,10,1696,0,0,1,0,199,0,205,0,1,0,0,0,0,0,0,0,0,0,0,0,0,0,0,0,0,0,0,0,0,0,0,0,0,0,0,0,0,0,0,0,0,0,0,0
Assembly,artiste-qb-net/qubiter,10,1697,0,0,2,0,0,0,0,0,1,0,0,0,0,0,0,0,0,0,0,0,0,0,0,0,0,0,0,0,0,0,0,0,0,0,0,0,0,0,0,0,0,0,0,0
Assembly,artiste-qb-net/qubiter,10,166,9,90,5,1,204,12,266,267,1,1,9,0,1,0,0,0,0,3,0,0,0,0,0,0,0,0,0,0,0,0,0,0,0,0,0,0,0,0,0,0,0,0,0,0
Assembly,artiste-qb-net/qubiter,10,1729,0,0,2,3,86,20,792,0,1,0,0,0,0,0,0,0,0,0,0,0,0,0,0,0,0,0,0,0,0,0,0,0,0,0,0,0,0,0,0,0,0,0,0,0
Assembly,artiste-qb-net/qubiter,10,1730,0,0,2,3,522,814,2013,0,1,0,0,0,0,0,0,0,0,0,0,0,0,0,0,0,0,0,0,0,0,0,0,0,0,0,0,0,0,0,0,0,0,0,0,0
Assembly,artiste-qb-net/qubiter,10,1731,0,0,2,3,533,814,1985,0,1,0,0,0,0,0,0,0,0,0,0,0,0,0,0,0,0,0,0,0,0,0,0,0,0,0,0,0,0,0,0,0,0,0,0,0
Assembly,artiste-qb-net/qubiter,10,708,0,0,2,0,0,0,0,0,1,0,0,0,0,0,0,0,0,0,0,0,0,0,0,0,0,0,0,0,0,0,0,0,0,0,0,0,0,0,0,0,0,0,0,0
Assembly,artiste-qb-net/qubiter,10,709,0,0,2,0,0,0,0,0,1,0,0,0,0,0,0,0,0,0,0,0,0,0,0,0,0,0,0,0,0,0,0,0,0,0,0,0,0,0,0,0,0,0,0,0
Assembly,artiste-qb-net/qubiter,10,1732,0,0,1,1,88,88,396,0,1,0,0,0,0,0,0,0,0,0,0,0,0,0,0,0,0,0,0,0,0,0,0,0,0,0,0,0,0,0,0,0,0,0,0,0
Assembly,artiste-qb-net/qubiter,10,1733,0,0,0,0,0,0,107,0,0,0,0,0,0,0,0,0,0,0,0,0,0,0,0,0,0,0,0,0,0,0,0,0,0,0,0,0,0,0,0,0,0,0,0,0
Assembly,artiste-qb-net/qubiter,10,1734,0,0,0,0,0,0,91,0,0,0,0,0,0,0,0,0,0,0,0,0,0,0,0,0,0,0,0,0,0,0,0,0,0,0,0,0,0,0,0,0,0,0,0,0
Assembly,artiste-qb-net/qubiter,10,1735,0,0,0,0,0,0,0,0,0,0,0,0,0,0,0,0,0,0,0,0,0,0,0,0,0,0,0,0,0,0,0,0,0,0,0,0,0,0,0,0,0,0,0,0
Assembly,artiste-qb-net/qubiter,10,1737,0,0,0,0,0,0,2,0,0,0,0,0,0,0,0,0,0,0,0,0,0,0,0,0,0,0,0,0,0,0,0,0,0,0,0,0,0,0,0,0,0,0,0,0
Assembly,artiste-qb-net/qubiter,10,715,40,225,5,0,929,0,1072,6144,1,1,5,35,1,1,5,0,0,0,0,0,0,0,0,0,0,0,35,0,0,0,0,0,0,0,0,0,0,0,0,0,0,0,0,0
Assembly,artiste-qb-net/qubiter,10,716,0,0,2,0,0,0,0,0,1,0,0,0,0,0,0,0,0,0,0,0,0,0,0,0,0,0,0,0,0,0,0,0,0,0,0,0,0,0,0,0,0,0,0,0
Assembly,artiste-qb-net/qubiter,10,1739,0,0,0,0,0,0,366,0,0,0,0,0,0,0,0,0,0,0,0,0,0,0,0,0,0,0,0,0,0,0,0,0,0,0,0,0,0,0,0,0,0,0,0,0
Assembly,artiste-qb-net/qubiter,10,1741,0,0,0,0,0,0,20960,0,0,0,0,0,0,0,0,0,0,0,0,0,0,0,0,0,0,0,0,0,0,0,0,0,0,0,0,0,0,0,0,0,0,0,0,0
Assembly,artiste-qb-net/qubiter,10,207,0,0,24,10,2071,378,6563,0,1,0,0,0,0,0,0,0,0,0,0,0,0,0,0,0,0,0,0,0,0,0,0,0,0,0,0,0,0,0,0,0,0,0,0,0
Assembly,artiste-qb-net/qubiter,10,208,0,0,1,0,251,0,572,0,1,0,0,0,0,0,0,0,0,0,0,0,0,0,0,0,0,0,0,0,0,0,0,0,0,0,0,0,0,0,0,0,0,0,0,0
Assembly,artiste-qb-net/qubiter,10,719,0,0,7,2,1085,202,1732,0,1,0,0,0,0,0,0,0,0,0,0,0,0,0,0,0,0,0,0,0,0,0,0,0,0,0,0,0,0,0,0,0,0,0,0,0
Assembly,artiste-qb-net/qubiter,10,1742,0,0,0,0,0,0,2,0,0,0,0,0,0,0,0,0,0,0,0,0,0,0,0,0,0,0,0,0,0,0,0,0,0,0,0,0,0,0,0,0,0,0,0,0
Assembly,artiste-qb-net/qubiter,10,1744,0,0,0,0,0,0,372,0,0,0,0,0,0,0,0,0,0,0,0,0,0,0,0,0,0,0,0,0,0,0,0,0,0,0,0,0,0,0,0,0,0,0,0,0
Assembly,artiste-qb-net/qubiter,10,1746,0,0,0,0,0,0,13940,0,0,0,0,0,0,0,0,0,0,0,0,0,0,0,0,0,0,0,0,0,0,0,0,0,0,0,0,0,0,0,0,0,0,0,0,0
Assembly,artiste-qb-net/qubiter,10,1747,16,80,1,2,11,22,232,1168,1,1,0,16,0,1,2,0,0,0,0,0,0,0,0,0,0,0,14,0,0,0,0,0,0,0,0,0,0,0,2,0,0,0,0,0
Assembly,artiste-qb-net/qubiter,10,214,0,0,17,4,662,101,2291,0,1,0,0,0,0,0,0,0,0,0,0,0,0,0,0,0,0,0,0,0,0,0,0,0,0,0,0,0,0,0,0,0,0,0,0,0
Assembly,artiste-qb-net/qubiter,10,1748,0,0,0,0,0,0,2,0,0,0,0,0,0,0,0,0,0,0,0,0,0,0,0,0,0,0,0,0,0,0,0,0,0,0,0,0,0,0,0,0,0,0,0,0
Assembly,artiste-qb-net/qubiter,10,1750,0,0,0,0,0,0,300,0,0,0,0,0,0,0,0,0,0,0,0,0,0,0,0,0,0,0,0,0,0,0,0,0,0,0,0,0,0,0,0,0,0,0,0,0
Assembly,artiste-qb-net/qubiter,10,1752,0,0,0,0,0,0,5242,0,0,0,0,0,0,0,0,0,0,0,0,0,0,0,0,0,0,0,0,0,0,0,0,0,0,0,0,0,0,0,0,0,0,0,0,0
Assembly,artiste-qb-net/qubiter,10,1753,0,0,0,0,0,0,330,0,0,0,0,0,0,0,0,0,0,0,0,0,0,0,0,0,0,0,0,0,0,0,0,0,0,0,0,0,0,0,0,0,0,0,0,0
Assembly,artiste-qb-net/qubiter,10,219,0,0,15,5,2093,181,4165,0,1,0,0,0,0,0,0,0,0,0,0,0,0,0,0,0,0,0,0,0,0,0,0,0,0,0,0,0,0,0,0,0,0,0,0,0
Assembly,artiste-qb-net/qubiter,10,1754,2,10,2,2,10,10,36,32,1,1,0,2,0,1,0,2,0,0,0,0,0,0,0,0,0,0,0,0,0,0,0,0,0,0,2,0,0,0,0,0,0,0,0,0
Assembly,artiste-qb-net/qubiter,10,1755,0,0,1,0,2,0,38,0,1,0,0,0,0,0,0,0,0,0,0,0,0,0,0,0,0,0,0,0,0,0,0,0,0,0,0,0,0,0,0,0,0,0,0,0
Assembly,artiste-qb-net/qubiter,10,227,0,0,12,3,1458,164,4101,0,1,0,0,0,0,0,0,0,0,0,0,0,0,0,0,0,0,0,0,0,0,0,0,0,0,0,0,0,0,0,0,0,0,0,0,0
Assembly,artiste-qb-net/qubiter,10,1769,0,0,0,0,0,0,310,0,0,0,0,0,0,0,0,0,0,0,0,0,0,0,0,0,0,0,0,0,0,0,0,0,0,0,0,0,0,0,0,0,0,0,0,0
Assembly,artiste-qb-net/qubiter,10,755,0,0,2,0,3081,0,5006,0,1,0,0,0,0,0,0,0,0,0,0,0,0,0,0,0,0,0,0,0,0,0,0,0,0,0,0,0,0,0,0,0,0,0,0,0
Assembly,artiste-qb-net/qubiter,10,763,0,0,1,0,1049,0,4130,0,1,0,0,0,0,0,0,0,0,0,0,0,0,0,0,0,0,0,0,0,0,0,0,0,0,0,0,0,0,0,0,0,0,0,0,0
Assembly,artiste-qb-net/qubiter,10,255,0,0,10,5,1292,159,2768,0,1,0,0,0,0,0,0,0,0,0,0,0,0,0,0,0,0,0,0,0,0,0,0,0,0,0,0,0,0,0,0,0,0,0,0,0
Assembly,artiste-qb-net/qubiter,10,769,0,0,2,1,400,221,442,0,1,0,0,0,0,0,0,0,0,0,0,0,0,0,0,0,0,0,0,0,0,0,0,0,0,0,0,0,0,0,0,0,0,0,0,0
Assembly,artiste-qb-net/qubiter,10,770,0,0,2,1,574,292,584,0,1,0,0,0,0,0,0,0,0,0,0,0,0,0,0,0,0,0,0,0,0,0,0,0,0,0,0,0,0,0,0,0,0,0,0,0
Assembly,artiste-qb-net/qubiter,10,771,0,0,2,1,150,58,116,0,1,0,0,0,0,0,0,0,0,0,0,0,0,0,0,0,0,0,0,0,0,0,0,0,0,0,0,0,0,0,0,0,0,0,0,0
Assembly,artiste-qb-net/qubiter,10,772,0,0,2,1,54,29,58,0,1,0,0,0,0,0,0,0,0,0,0,0,0,0,0,0,0,0,0,0,0,0,0,0,0,0,0,0,0,0,0,0,0,0,0,0
Assembly,artiste-qb-net/qubiter,10,773,0,0,2,1,598,294,588,0,1,0,0,0,0,0,0,0,0,0,0,0,0,0,0,0,0,0,0,0,0,0,0,0,0,0,0,0,0,0,0,0,0,0,0,0
Assembly,artiste-qb-net/qubiter,10,774,0,0,2,1,1279,672,1344,0,1,0,0,0,0,0,0,0,0,0,0,0,0,0,0,0,0,0,0,0,0,0,0,0,0,0,0,0,0,0,0,0,0,0,0,0
Assembly,artiste-qb-net/qubiter,10,1283,26,260,5,2,364,14,461,1690,1,1,26,0,1,0,0,0,0,6,0,0,0,0,0,0,0,0,0,8,0,0,0,0,0,0,0,0,0,0,0,0,0,0,0,0
Assembly,artiste-qb-net/qubiter,10,1284,6,30,4,0,281,0,283,246,1,1,0,6,0,1,6,0,0,0,0,0,0,0,6,0,0,0,0,0,0,0,0,0,0,0,0,0,0,0,0,0,0,0,0,0
Assembly,artiste-qb-net/qubiter,10,1295,12,120,3,0,66,0,66,384,1,1,12,0,1,0,0,0,0,6,0,0,0,0,0,0,0,0,0,0,0,0,0,0,0,0,0,0,0,0,0,0,0,0,0,0
Assembly,artiste-qb-net/qubiter,10,1296,18,150,4,0,92,0,92,630,1,1,12,6,1,1,6,0,0,0,0,0,0,0,0,0,0,0,6,0,0,0,0,0,0,0,0,0,0,0,0,0,0,0,0,0
Assembly,artiste-qb-net/qubiter,10,1299,0,0,2,1,22,2,730,0,1,0,0,0,0,0,0,0,0,0,0,0,0,0,0,0,0,0,0,0,0,0,0,0,0,0,0,0,0,0,0,0,0,0,0,0
Assembly,artiste-qb-net/qubiter,10,791,0,0,0,1,0,64,128,0,0,0,0,0,0,0,0,0,0,0,0,0,0,0,0,0,0,0,0,0,0,0,0,0,0,0,0,0,0,0,0,0,0,0,0,0
Assembly,artiste-qb-net/qubiter,10,792,0,0,0,1,0,49,98,0,0,0,0,0,0,0,0,0,0,0,0,0,0,0,0,0,0,0,0,0,0,0,0,0,0,0,0,0,0,0,0,0,0,0,0,0
Assembly,artiste-qb-net/qubiter,10,793,0,0,0,1,0,101,202,0,0,0,0,0,0,0,0,0,0,0,0,0,0,0,0,0,0,0,0,0,0,0,0,0,0,0,0,0,0,0,0,0,0,0,0,0
Assembly,artiste-qb-net/qubiter,10,282,0,0,10,4,1203,206,2531,0,1,0,0,0,0,0,0,0,0,0,0,0,0,0,0,0,0,0,0,0,0,0,0,0,0,0,0,0,0,0,0,0,0,0,0,0
Assembly,artiste-qb-net/qubiter,10,794,0,0,0,1,0,45,90,0,0,0,0,0,0,0,0,0,0,0,0,0,0,0,0,0,0,0,0,0,0,0,0,0,0,0,0,0,0,0,0,0,0,0,0,0
Assembly,artiste-qb-net/qubiter,10,795,0,0,0,1,0,91,182,0,0,0,0,0,0,0,0,0,0,0,0,0,0,0,0,0,0,0,0,0,0,0,0,0,0,0,0,0,0,0,0,0,0,0,0,0
Assembly,artiste-qb-net/qubiter,10,796,0,0,0,1,0,19,38,0,0,0,0,0,0,0,0,0,0,0,0,0,0,0,0,0,0,0,0,0,0,0,0,0,0,0,0,0,0,0,0,0,0,0,0,0
Assembly,artiste-qb-net/qubiter,10,797,0,0,0,1,0,80,160,0,0,0,0,0,0,0,0,0,0,0,0,0,0,0,0,0,0,0,0,0,0,0,0,0,0,0,0,0,0,0,0,0,0,0,0,0
Assembly,artiste-qb-net/qubiter,10,798,0,0,0,1,0,53,106,0,0,0,0,0,0,0,0,0,0,0,0,0,0,0,0,0,0,0,0,0,0,0,0,0,0,0,0,0,0,0,0,0,0,0,0,0
Assembly,artiste-qb-net/qubiter,10,799,0,0,0,1,0,93,186,0,0,0,0,0,0,0,0,0,0,0,0,0,0,0,0,0,0,0,0,0,0,0,0,0,0,0,0,0,0,0,0,0,0,0,0,0
Assembly,artiste-qb-net/qubiter,10,800,0,0,0,1,0,1,2,0,0,0,0,0,0,0,0,0,0,0,0,0,0,0,0,0,0,0,0,0,0,0,0,0,0,0,0,0,0,0,0,0,0,0,0,0
Assembly,artiste-qb-net/qubiter,10,802,0,0,0,1,0,89,178,0,0,0,0,0,0,0,0,0,0,0,0,0,0,0,0,0,0,0,0,0,0,0,0,0,0,0,0,0,0,0,0,0,0,0,0,0
Assembly,artiste-qb-net/qubiter,10,803,0,0,0,1,0,2342,4684,0,0,0,0,0,0,0,0,0,0,0,0,0,0,0,0,0,0,0,0,0,0,0,0,0,0,0,0,0,0,0,0,0,0,0,0,0
Assembly,artiste-qb-net/qubiter,10,804,0,0,0,1,0,160,320,0,0,0,0,0,0,0,0,0,0,0,0,0,0,0,0,0,0,0,0,0,0,0,0,0,0,0,0,0,0,0,0,0,0,0,0,0
Assembly,artiste-qb-net/qubiter,10,298,78,902,15,6,1074,188,2501,23658,1,1,15,63,1,1,0,10,0,1,0,0,0,0,0,0,0,0,10,0,0,0,0,0,0,0,0,0,0,42,11,0,0,0,0,0
Assembly,artiste-qb-net/qubiter,10,811,65,845,13,3,635,83,2089,6345,1,1,52,13,1,1,0,0,0,13,0,0,0,0,0,0,0,0,0,0,0,0,0,0,0,0,0,0,0,13,0,0,0,0,0,0
Assembly,artiste-qb-net/qubiter,10,300,73,475,15,3,1040,31,3015,11754,1,1,22,51,1,1,0,0,8,3,0,0,0,0,0,0,0,0,40,0,0,11,0,0,0,0,0,0,0,0,0,0,0,0,0,0
Assembly,artiste-qb-net/qubiter,10,813,0,0,7,1,204,64,660,0,1,0,0,0,0,0,0,0,0,0,0,0,0,0,0,0,0,0,0,0,0,0,0,0,0,0,0,0,0,0,0,0,0,0,0,0
Assembly,artiste-qb-net/qubiter,10,2873,6,10,0,0,0,0,22,120,0,1,6,0,1,0,2,0,0,0,0,0,0,0,0,0,4,0,0,0,0,0,0,0,0,0,0,0,2,0,0,0,0,0,0,0
Assembly,artiste-qb-net/qubiter,10,1342,51,255,7,3,216,26,457,3588,1,1,6,45,1,1,5,0,0,0,0,0,0,0,0,0,0,0,10,0,0,0,0,0,0,0,20,0,0,0,15,0,0,0,0,0
Assembly,artiste-qb-net/qubiter,10,1345,0,0,7,0,148,0,399,0,1,0,0,0,0,0,0,0,0,0,0,0,0,0,0,0,0,0,0,0,0,0,0,0,0,0,0,0,0,0,0,0,0,0,0,0
Assembly,artiste-qb-net/qubiter,10,1346,14,73,8,1,706,3,2176,1160,1,1,0,14,0,1,0,0,5,0,0,0,0,0,0,0,0,0,13,0,0,0,0,0,0,0,0,0,0,1,0,0,0,0,0,0
Assembly,artiste-qb-net/qubiter,10,835,0,0,8,2,652,42,1392,0,1,0,0,0,0,0,0,0,0,0,0,0,0,0,0,0,0,0,0,0,0,0,0,0,0,0,0,0,0,0,0,0,0,0,0,0
Assembly,artiste-qb-net/qubiter,10,1347,0,0,7,2,600,12,1387,0,1,0,0,0,0,0,0,0,0,0,0,0,0,0,0,0,0,0,0,0,0,0,0,0,0,0,0,0,0,0,0,0,0,0,0,0
Assembly,artiste-qb-net/qubiter,10,842,6,60,3,0,23,0,265,246,1,1,6,0,1,0,0,0,0,3,0,0,0,0,0,0,0,0,0,0,0,0,0,0,0,0,0,0,0,0,0,0,0,0,0,0
Assembly,artiste-qb-net/qubiter,10,331,0,0,13,6,1055,210,2049,0,1,0,0,0,0,0,0,0,0,0,0,0,0,0,0,0,0,0,0,0,0,0,0,0,0,0,0,0,0,0,0,0,0,0,0,0
Assembly,artiste-qb-net/qubiter,10,1358,0,0,2,1,654,81,2596,0,1,0,0,0,0,0,0,0,0,0,0,0,0,0,0,0,0,0,0,0,0,0,0,0,0,0,0,0,0,0,0,0,0,0,0,0
Assembly,artiste-qb-net/qubiter,10,335,0,0,2,0,214,0,214,0,1,0,0,0,0,0,0,0,0,0,0,0,0,0,0,0,0,0,0,0,0,0,0,0,0,0,0,0,0,0,0,0,0,0,0,0
Assembly,artiste-qb-net/qubiter,10,338,0,0,6,4,321,30,926,0,1,0,0,0,0,0,0,0,0,0,0,0,0,0,0,0,0,0,0,0,0,0,0,0,0,0,0,0,0,0,0,0,0,0,0,0
Assembly,artiste-qb-net/qubiter,10,858,46,395,11,2,403,8,1206,5156,1,1,33,13,1,1,0,0,13,0,0,0,0,0,0,0,0,0,13,0,0,0,0,0,0,0,0,0,0,0,0,0,0,0,0,0
Assembly,artiste-qb-net/qubiter,10,1373,35,345,7,3,564,18,1179,8890,1,1,20,15,1,1,0,0,0,5,0,0,0,0,0,0,0,0,0,0,0,0,0,0,0,0,0,0,0,10,5,0,0,0,0,0
Assembly,artiste-qb-net/qubiter,10,1378,23,230,3,1,54,38,194,822,1,1,18,5,1,1,0,0,0,5,0,0,0,0,0,0,0,0,0,0,0,0,0,0,0,0,0,0,0,0,5,0,0,0,0,0
Assembly,artiste-qb-net/qubiter,10,871,0,0,0,0,0,0,978,0,0,0,0,0,0,0,0,0,0,0,0,0,0,0,0,0,0,0,0,0,0,0,0,0,0,0,0,0,0,0,0,0,0,0,0,0
Assembly,artiste-qb-net/qubiter,10,872,0,0,0,0,0,0,20,0,0,0,0,0,0,0,0,0,0,0,0,0,0,0,0,0,0,0,0,0,0,0,0,0,0,0,0,0,0,0,0,0,0,0,0,0
Assembly,artiste-qb-net/qubiter,10,873,0,0,0,0,0,0,264,0,0,0,0,0,0,0,0,0,0,0,0,0,0,0,0,0,0,0,0,0,0,0,0,0,0,0,0,0,0,0,0,0,0,0,0,0
Assembly,artiste-qb-net/qubiter,10,1384,23,230,3,0,86,0,180,707,1,1,18,5,1,1,0,0,0,5,0,0,0,0,0,0,0,0,0,0,0,0,0,0,0,0,0,0,0,0,5,0,0,0,0,0
Assembly,artiste-qb-net/qubiter,10,1387,0,0,2,0,2,0,4,0,1,0,0,0,0,0,0,0,0,0,0,0,0,0,0,0,0,0,0,0,0,0,0,0,0,0,0,0,0,0,0,0,0,0,0,0
Assembly,artiste-qb-net/qubiter,10,876,0,0,0,0,0,0,1176,0,0,0,0,0,0,0,0,0,0,0,0,0,0,0,0,0,0,0,0,0,0,0,0,0,0,0,0,0,0,0,0,0,0,0,0,0
Assembly,artiste-qb-net/qubiter,10,1389,0,0,1,0,34,0,102,0,1,0,0,0,0,0,0,0,0,0,0,0,0,0,0,0,0,0,0,0,0,0,0,0,0,0,0,0,0,0,0,0,0,0,0,0
Assembly,artiste-qb-net/qubiter,10,879,0,0,0,0,0,0,380,0,0,0,0,0,0,0,0,0,0,0,0,0,0,0,0,0,0,0,0,0,0,0,0,0,0,0,0,0,0,0,0,0,0,0,0,0
Assembly,artiste-qb-net/qubiter,10,882,48,1264,7,4,622,254,1823,11796,1,1,0,48,0,1,8,0,0,0,0,0,0,0,0,0,0,0,8,0,0,0,0,0,0,0,0,0,0,24,16,0,0,0,0,0
Assembly,artiste-qb-net/qubiter,10,1401,0,0,3,1,518,6,1142,0,1,0,0,0,0,0,0,0,0,0,0,0,0,0,0,0,0,0,0,0,0,0,0,0,0,0,0,0,0,0,0,0,0,0,0,0
Assembly,artiste-qb-net/qubiter,10,394,154,715,6,0,415,0,845,17136,1,1,0,154,0,1,0,0,11,0,0,0,0,0,0,0,0,0,0,0,0,0,0,0,0,0,0,0,0,0,143,0,11,0,0,0
Assembly,artiste-qb-net/qubiter,10,399,29,195,16,2,616,13,1376,2655,1,1,13,16,1,1,0,0,4,7,0,0,0,0,0,0,0,0,0,0,0,0,0,0,0,0,0,0,0,0,16,0,0,0,0,0
Assembly,artiste-qb-net/qubiter,10,401,33,165,3,0,119,0,276,1596,1,1,0,33,0,1,11,0,0,0,0,0,0,0,0,0,0,0,22,0,0,0,0,0,0,0,0,0,0,0,11,0,0,0,0,0
Assembly,artiste-qb-net/qubiter,10,404,74,425,10,3,200,6,421,2686,1,1,11,63,1,1,11,0,0,0,0,0,0,0,0,0,0,0,41,0,0,0,0,0,0,0,0,0,0,0,22,0,0,0,0,0
Assembly,artiste-qb-net/qubiter,10,1446,0,0,6,4,536,72,1273,0,1,0,0,0,0,0,0,0,0,0,0,0,0,0,0,0,0,0,0,0,0,0,0,0,0,0,0,0,0,0,0,0,0,0,0,0
Assembly,artiste-qb-net/qubiter,10,951,0,0,4,0,175,0,403,0,1,0,0,0,0,0,0,0,0,0,0,0,0,0,0,0,0,0,0,0,0,0,0,0,0,0,0,0,0,0,0,0,0,0,0,0
Assembly,artiste-qb-net/qubiter,10,952,37,380,16,1,700,4,1771,3241,1,1,13,24,1,1,0,5,0,2,0,0,0,0,0,0,0,0,0,0,0,0,0,0,0,0,5,0,0,12,7,0,0,0,0,0
Assembly,artiste-qb-net/qubiter,10,953,54,512,15,2,706,8,1933,11496,1,1,21,33,1,1,0,7,0,0,0,0,0,0,0,0,0,0,0,0,0,0,0,0,0,0,0,0,0,13,7,0,13,0,0,0
Assembly,artiste-qb-net/qubiter,10,954,47,468,16,2,917,8,2269,10041,1,1,21,26,1,1,0,7,0,0,0,0,0,0,0,0,0,0,0,0,0,0,0,0,0,0,0,0,0,13,7,0,6,0,0,0
Assembly,artiste-qb-net/qubiter,10,955,0,0,3,0,0,0,0,0,1,0,0,0,0,0,0,0,0,0,0,0,0,0,0,0,0,0,0,0,0,0,0,0,0,0,0,0,0,0,0,0,0,0,0,0
Assembly,artiste-qb-net/qubiter,10,956,0,0,3,0,43,0,138,0,1,0,0,0,0,0,0,0,0,0,0,0,0,0,0,0,0,0,0,0,0,0,0,0,0,0,0,0,0,0,0,0,0,0,0,0
Assembly,artiste-qb-net/qubiter,10,957,0,0,3,0,25,0,59,0,1,0,0,0,0,0,0,0,0,0,0,0,0,0,0,0,0,0,0,0,0,0,0,0,0,0,0,0,0,0,0,0,0,0,0,0
Assembly,artiste-qb-net/qubiter,10,446,0,0,2,0,318,0,611,0,1,0,0,0,0,0,0,0,0,0,0,0,0,0,0,0,0,0,0,0,0,0,0,0,0,0,0,0,0,0,0,0,0,0,0,0
Assembly,artiste-qb-net/qubiter,10,958,0,0,3,0,25,0,79,0,1,0,0,0,0,0,0,0,0,0,0,0,0,0,0,0,0,0,0,0,0,0,0,0,0,0,0,0,0,0,0,0,0,0,0,0
Assembly,artiste-qb-net/qubiter,10,1464,25,210,10,3,612,120,2132,2500,1,1,0,25,0,1,0,5,0,0,0,0,0,0,0,0,0,0,5,0,0,5,0,0,0,0,0,0,0,10,5,0,0,0,0,0
Assembly,artiste-qb-net/qubiter,10,1465,0,0,2,0,18,0,18,0,1,0,0,0,0,0,0,0,0,0,0,0,0,0,0,0,0,0,0,0,0,0,0,0,0,0,0,0,0,0,0,0,0,0,0,0
Assembly,artiste-qb-net/qubiter,10,1466,35,150,6,2,292,66,1334,2065,1,1,0,35,0,1,0,0,5,0,0,0,0,0,0,0,0,0,30,0,0,0,0,0,0,0,0,0,0,0,5,0,0,0,0,0
Assembly,artiste-qb-net/qubiter,10,972,0,0,8,2,868,59,2458,0,1,0,0,0,0,0,0,0,0,0,0,0,0,0,0,0,0,0,0,0,0,0,0,0,0,0,0,0,0,0,0,0,0,0,0,0
Assembly,artiste-qb-net/qubiter,10,2518,0,0,1,2,77,148,151,0,1,0,0,0,0,0,0,0,0,0,0,0,0,0,0,0,0,0,0,0,0,0,0,0,0,0,0,0,0,0,0,0,0,0,0,0
Assembly,artiste-qb-net/qubiter,10,2520,2,10,1,0,94,0,135,132,1,1,0,2,0,1,2,0,0,0,0,0,0,0,0,0,0,0,2,0,0,0,0,0,0,0,0,0,0,0,0,0,0,0,0,0
Assembly,artiste-qb-net/qubiter,10,1500,0,0,2,0,115,0,2309,0,1,0,0,0,0,0,0,0,0,0,0,0,0,0,0,0,0,0,0,0,0,0,0,0,0,0,0,0,0,0,0,0,0,0,0,0
Assembly,artiste-qb-net/qubiter,10,482,54,260,10,3,270,10,827,3396,1,1,16,38,1,1,0,0,10,0,0,0,0,0,0,0,0,0,8,0,0,0,0,0,0,0,0,0,0,0,30,0,0,0,0,0
Assembly,artiste-qb-net/qubiter,10,483,208,1296,10,3,420,10,1238,29872,1,1,40,168,1,1,10,0,0,0,0,0,0,0,0,0,0,0,20,20,0,10,0,0,0,0,0,0,0,10,108,0,0,0,0,0
Assembly,artiste-qb-net/qubiter,10,484,0,0,2,0,46,0,138,0,1,0,0,0,0,0,0,0,0,0,0,0,0,0,0,0,0,0,0,0,0,0,0,0,0,0,0,0,0,0,0,0,0,0,0,0
Assembly,artiste-qb-net/qubiter,10,485,0,0,2,0,22,0,66,0,1,0,0,0,0,0,0,0,0,0,0,0,0,0,0,0,0,0,0,0,0,0,0,0,0,0,0,0,0,0,0,0,0,0,0,0
Assembly,artiste-qb-net/qubiter,10,486,0,0,2,0,260,0,780,0,1,0,0,0,0,0,0,0,0,0,0,0,0,0,0,0,0,0,0,0,0,0,0,0,0,0,0,0,0,0,0,0,0,0,0,0
Assembly,artiste-qb-net/qubiter,10,487,0,0,2,0,43,0,129,0,1,0,0,0,0,0,0,0,0,0,0,0,0,0,0,0,0,0,0,0,0,0,0,0,0,0,0,0,0,0,0,0,0,0,0,0
Assembly,artiste-qb-net/qubiter,10,488,0,0,2,0,951,0,2853,0,1,0,0,0,0,0,0,0,0,0,0,0,0,0,0,0,0,0,0,0,0,0,0,0,0,0,0,0,0,0,0,0,0,0,0,0
Assembly,artiste-qb-net/qubiter,10,489,0,0,2,0,72,0,216,0,1,0,0,0,0,0,0,0,0,0,0,0,0,0,0,0,0,0,0,0,0,0,0,0,0,0,0,0,0,0,0,0,0,0,0,0
Assembly,artiste-qb-net/qubiter,10,490,0,0,2,0,87,0,261,0,1,0,0,0,0,0,0,0,0,0,0,0,0,0,0,0,0,0,0,0,0,0,0,0,0,0,0,0,0,0,0,0,0,0,0,0
Assembly,artiste-qb-net/qubiter,10,491,0,0,2,0,15,0,45,0,1,0,0,0,0,0,0,0,0,0,0,0,0,0,0,0,0,0,0,0,0,0,0,0,0,0,0,0,0,0,0,0,0,0,0,0
Assembly,artiste-qb-net/qubiter,10,492,0,0,2,0,107,0,321,0,1,0,0,0,0,0,0,0,0,0,0,0,0,0,0,0,0,0,0,0,0,0,0,0,0,0,0,0,0,0,0,0,0,0,0,0
Assembly,artiste-qb-net/qubiter,10,493,0,0,2,0,68,0,204,0,1,0,0,0,0,0,0,0,0,0,0,0,0,0,0,0,0,0,0,0,0,0,0,0,0,0,0,0,0,0,0,0,0,0,0,0
Assembly,artiste-qb-net/qubiter,10,494,0,0,2,0,293,0,879,0,1,0,0,0,0,0,0,0,0,0,0,0,0,0,0,0,0,0,0,0,0,0,0,0,0,0,0,0,0,0,0,0,0,0,0,0
Assembly,artiste-qb-net/qubiter,10,495,0,0,2,0,69,0,207,0,1,0,0,0,0,0,0,0,0,0,0,0,0,0,0,0,0,0,0,0,0,0,0,0,0,0,0,0,0,0,0,0,0,0,0,0
Assembly,artiste-qb-net/qubiter,10,496,0,0,2,0,5,0,15,0,1,0,0,0,0,0,0,0,0,0,0,0,0,0,0,0,0,0,0,0,0,0,0,0,0,0,0,0,0,0,0,0,0,0,0,0
Assembly,artiste-qb-net/qubiter,10,497,0,0,2,0,233,0,699,0,1,0,0,0,0,0,0,0,0,0,0,0,0,0,0,0,0,0,0,0,0,0,0,0,0,0,0,0,0,0,0,0,0,0,0,0
Assembly,artiste-qb-net/qubiter,10,498,0,0,2,0,56,0,168,0,1,0,0,0,0,0,0,0,0,0,0,0,0,0,0,0,0,0,0,0,0,0,0,0,0,0,0,0,0,0,0,0,0,0,0,0
Assembly,artiste-qb-net/qubiter,10,499,0,0,2,0,8,0,24,0,1,0,0,0,0,0,0,0,0,0,0,0,0,0,0,0,0,0,0,0,0,0,0,0,0,0,0,0,0,0,0,0,0,0,0,0
Assembly,artiste-qb-net/qubiter,10,500,0,0,2,0,13,0,39,0,1,0,0,0,0,0,0,0,0,0,0,0,0,0,0,0,0,0,0,0,0,0,0,0,0,0,0,0,0,0,0,0,0,0,0,0
Assembly,artiste-qb-net/qubiter,10,501,0,0,2,0,203,0,609,0,1,0,0,0,0,0,0,0,0,0,0,0,0,0,0,0,0,0,0,0,0,0,0,0,0,0,0,0,0,0,0,0,0,0,0,0
Assembly,artiste-qb-net/qubiter,10,502,0,0,2,0,37,0,111,0,1,0,0,0,0,0,0,0,0,0,0,0,0,0,0,0,0,0,0,0,0,0,0,0,0,0,0,0,0,0,0,0,0,0,0,0
Assembly,artiste-qb-net/qubiter,10,503,0,0,2,0,169,0,507,0,1,0,0,0,0,0,0,0,0,0,0,0,0,0,0,0,0,0,0,0,0,0,0,0,0,0,0,0,0,0,0,0,0,0,0,0
Assembly,artiste-qb-net/qubiter,10,504,0,0,2,0,30,0,90,0,1,0,0,0,0,0,0,0,0,0,0,0,0,0,0,0,0,0,0,0,0,0,0,0,0,0,0,0,0,0,0,0,0,0,0,0
Assembly,artiste-qb-net/qubiter,10,505,0,0,2,0,41,0,123,0,1,0,0,0,0,0,0,0,0,0,0,0,0,0,0,0,0,0,0,0,0,0,0,0,0,0,0,0,0,0,0,0,0,0,0,0
Assembly,artiste-qb-net/qubiter,10,506,0,0,2,0,358,0,1074,0,1,0,0,0,0,0,0,0,0,0,0,0,0,0,0,0,0,0,0,0,0,0,0,0,0,0,0,0,0,0,0,0,0,0,0,0
Assembly,artiste-qb-net/qubiter,10,507,0,0,2,0,117,0,351,0,1,0,0,0,0,0,0,0,0,0,0,0,0,0,0,0,0,0,0,0,0,0,0,0,0,0,0,0,0,0,0,0,0,0,0,0
Assembly,artiste-qb-net/qubiter,10,508,0,0,2,0,173,0,519,0,1,0,0,0,0,0,0,0,0,0,0,0,0,0,0,0,0,0,0,0,0,0,0,0,0,0,0,0,0,0,0,0,0,0,0,0
Assembly,artiste-qb-net/qubiter,10,509,0,0,2,0,31,0,93,0,1,0,0,0,0,0,0,0,0,0,0,0,0,0,0,0,0,0,0,0,0,0,0,0,0,0,0,0,0,0,0,0,0,0,0,0
Assembly,artiste-qb-net/qubiter,10,510,0,0,2,0,1320,0,3960,0,1,0,0,0,0,0,0,0,0,0,0,0,0,0,0,0,0,0,0,0,0,0,0,0,0,0,0,0,0,0,0,0,0,0,0,0
Assembly,artiste-qb-net/qubiter,10,511,0,0,2,0,142,0,426,0,1,0,0,0,0,0,0,0,0,0,0,0,0,0,0,0,0,0,0,0,0,0,0,0,0,0,0,0,0,0,0,0,0,0,0,0
Assembly,BBN-Q/QGL.jl,3,1,0,0,11,3,315,44,586,0,1,0,0,0,0,0,0,0,0,0,0,0,0,0,0,0,0,0,0,0,0,0,0,0,0,0,0,0,0,0,0,0,0,0,0,0
Assembly,BBN-Q/QGL.jl,3,2,0,0,10,3,392,43,405,0,1,0,0,0,0,0,0,0,0,0,0,0,0,0,0,0,0,0,0,0,0,0,0,0,0,0,0,0,0,0,0,0,0,0,0,0
Assembly,BBN-Q/QGL.jl,3,97,0,0,1,1,26,2,233,0,1,0,0,0,0,0,0,0,0,0,0,0,0,0,0,0,0,0,0,0,0,0,0,0,0,0,0,0,0,0,0,0,0,0,0,0
Assembly,BBN-Q/QGL.jl,3,4,0,0,3,0,11,0,37,0,1,0,0,0,0,0,0,0,0,0,0,0,0,0,0,0,0,0,0,0,0,0,0,0,0,0,0,0,0,0,0,0,0,0,0,0
Assembly,BBN-Q/QGL.jl,3,5,0,0,12,7,406,40,820,0,1,0,0,0,0,0,0,0,0,0,0,0,0,0,0,0,0,0,0,0,0,0,0,0,0,0,0,0,0,0,0,0,0,0,0,0
Assembly,BBN-Q/QGL.jl,3,131,0,0,3,3,80,49,170,0,1,0,0,0,0,0,0,0,0,0,0,0,0,0,0,0,0,0,0,0,0,0,0,0,0,0,0,0,0,0,0,0,0,0,0,0
Assembly,BBN-Q/QGL.jl,3,8,0,0,3,1,3,1,14,0,1,0,0,0,0,0,0,0,0,0,0,0,0,0,0,0,0,0,0,0,0,0,0,0,0,0,0,0,0,0,0,0,0,0,0,0
Assembly,BBN-Q/QGL.jl,3,74,0,0,0,0,0,0,201,0,0,0,0,0,0,0,0,0,0,0,0,0,0,0,0,0,0,0,0,0,0,0,0,0,0,0,0,0,0,0,0,0,0,0,0,0
Assembly,BBN-Q/QGL.jl,3,173,0,0,4,3,248,60,203,0,1,0,0,0,0,0,0,0,0,0,0,0,0,0,0,0,0,0,0,0,0,0,0,0,0,0,0,0,0,0,0,0,0,0,0,0
Assembly,BBN-Q/QGL.jl,3,14,0,0,16,14,514,246,891,0,1,0,0,0,0,0,0,0,0,0,0,0,0,0,0,0,0,0,0,0,0,0,0,0,0,0,0,0,0,0,0,0,0,0,0,0
Assembly,BBN-Q/QGL.jl,3,116,0,0,3,1,6,1,8,0,1,0,0,0,0,0,0,0,0,0,0,0,0,0,0,0,0,0,0,0,0,0,0,0,0,0,0,0,0,0,0,0,0,0,0,0
Assembly,BBN-Q/QGL.jl,3,118,0,0,1,0,36,0,198,0,1,0,0,0,0,0,0,0,0,0,0,0,0,0,0,0,0,0,0,0,0,0,0,0,0,0,0,0,0,0,0,0,0,0,0,0
Assembly,BBN-Q/QGL.jl,3,58,0,0,0,0,0,0,36,0,0,0,0,0,0,0,0,0,0,0,0,0,0,0,0,0,0,0,0,0,0,0,0,0,0,0,0,0,0,0,0,0,0,0,0,0
Assembly,BBN-Q/QGL.jl,3,221,0,0,0,0,0,0,42,0,0,0,0,0,0,0,0,0,0,0,0,0,0,0,0,0,0,0,0,0,0,0,0,0,0,0,0,0,0,0,0,0,0,0,0,0
Assembly,BBN-Q/QGL.jl,3,158,0,0,0,0,0,0,115,0,0,0,0,0,0,0,0,0,0,0,0,0,0,0,0,0,0,0,0,0,0,0,0,0,0,0,0,0,0,0,0,0,0,0,0,0
